Copyright 1986-2022 Xilinx, Inc. All Rights Reserved. Copyright 2022-2026 Advanced Micro Devices, Inc. All Rights Reserved.
------------------------------------------------------------------------------------------------------------------------------------------------------------------------------------------------------------------------
| Tool Version : Vivado v.2026.1 (win64) Build 6511674 Tue Jun 16 11:02:23 MDT 2026
| Date         : Sat Aug 29 22:07:55 2026
| Host         : ThinMan running 64-bit major release  (build 9200)
| Command      : report_timing_summary -max_paths 10 -routable_nets -report_unconstrained -file main_timing_summary_routed.rpt -pb main_timing_summary_routed.pb -rpx main_timing_summary_routed.rpx -warn_on_violation
| Design       : main
| Device       : 7z010-clg400
| Speed File   : -1  PRODUCTION 1.12 2019-11-22
| Design State : Routed
------------------------------------------------------------------------------------------------------------------------------------------------------------------------------------------------------------------------

Timing Summary Report

------------------------------------------------------------------------------------------------
| Timer Settings
| --------------
------------------------------------------------------------------------------------------------

  Enable Multi Corner Analysis               :  Yes
  Enable Pessimism Removal                   :  Yes
  Pessimism Removal Resolution               :  Nearest Common Node
  Enable Input Delay Default Clock           :  No
  Enable Preset / Clear Arcs                 :  No
  Disable Flight Delays                      :  No
  Ignore I/O Paths                           :  No
  Timing Early Launch at Borrowing Latches   :  No
  Borrow Time for Max Delay Exceptions       :  Yes
  Merge Timing Exceptions                    :  Yes
  Inter-SLR Compensation                     :  Conservative

  Corner  Analyze    Analyze    
  Name    Max Paths  Min Paths  
  ------  ---------  ---------  
  Slow    Yes        Yes        
  Fast    Yes        Yes        


------------------------------------------------------------------------------------------------
| Report Methodology
| ------------------
------------------------------------------------------------------------------------------------

Rule    Severity  Description                                  Violations  
------  --------  -------------------------------------------  ----------  
XDCB-5  Warning   Runtime inefficient way to find pin objects  1           

Note: This report is based on the most recent report_methodology run and may not be up-to-date. Run report_methodology on the current design for the latest report.



check_timing report

Table of Contents
-----------------
1. checking no_clock (0)
2. checking constant_clock (0)
3. checking pulse_width_clock (0)
4. checking unconstrained_internal_endpoints (0)
5. checking no_input_delay (1)
6. checking no_output_delay (4)
7. checking multiple_clock (0)
8. checking generated_clocks (0)
9. checking loops (0)
10. checking partial_input_delay (0)
11. checking partial_output_delay (0)
12. checking latch_loops (0)

1. checking no_clock (0)
------------------------
 There are 0 register/latch pins with no clock.


2. checking constant_clock (0)
------------------------------
 There are 0 register/latch pins with constant_clock.


3. checking pulse_width_clock (0)
---------------------------------
 There are 0 register/latch pins which need pulse_width check


4. checking unconstrained_internal_endpoints (0)
------------------------------------------------
 There are 0 pins that are not constrained for maximum delay.

 There are 0 pins that are not constrained for maximum delay due to constant clock.


5. checking no_input_delay (1)
------------------------------
 There is 1 input port with no input delay specified. (HIGH)

 There are 0 input ports with no input delay but user has a false path constraint.


6. checking no_output_delay (4)
-------------------------------
 There are 4 ports with no output delay specified. (HIGH)

 There are 0 ports with no output delay but user has a false path constraint

 There are 0 ports with no output delay but with a timing clock defined on it or propagating through it


7. checking multiple_clock (0)
------------------------------
 There are 0 register/latch pins with multiple clocks.


8. checking generated_clocks (0)
--------------------------------
 There are 0 generated clocks that are not connected to a clock source.


9. checking loops (0)
---------------------
 There are 0 combinational loops in the design.


10. checking partial_input_delay (0)
------------------------------------
 There are 0 input ports with partial input delay specified.


11. checking partial_output_delay (0)
-------------------------------------
 There are 0 ports with partial output delay specified.


12. checking latch_loops (0)
----------------------------
 There are 0 combinational latch loops in the design through latch input



------------------------------------------------------------------------------------------------
| Design Timing Summary
| ---------------------
------------------------------------------------------------------------------------------------

    WNS(ns)      TNS(ns)  TNS Failing Endpoints  TNS Total Endpoints      WHS(ns)      THS(ns)  THS Failing Endpoints  THS Total Endpoints     WPWS(ns)     TPWS(ns)  TPWS Failing Endpoints  TPWS Total Endpoints  
    -------      -------  ---------------------  -------------------      -------      -------  ---------------------  -------------------     --------     --------  ----------------------  --------------------  
      4.262        0.000                      0                 3482        0.030        0.000                      0                 3482        0.538        0.000                       0                  2678  


All user specified timing constraints are met.


------------------------------------------------------------------------------------------------
| Clock Summary
| -------------
------------------------------------------------------------------------------------------------

Clock                   Waveform(ns)         Period(ns)      Frequency(MHz)
-----                   ------------         ----------      --------------
sys_clk                 {0.000 4.000}        8.000           125.000         
  clkfbout_clk_wiz_0    {0.000 28.000}       56.000          17.857          
  pixel_clk_clk_wiz_0   {0.000 6.733}        13.467          74.256          
  serial_clk_clk_wiz_0  {0.000 1.347}        2.693           371.280         


------------------------------------------------------------------------------------------------
| Intra Clock Table
| -----------------
------------------------------------------------------------------------------------------------

Clock                       WNS(ns)      TNS(ns)  TNS Failing Endpoints  TNS Total Endpoints      WHS(ns)      THS(ns)  THS Failing Endpoints  THS Total Endpoints     WPWS(ns)     TPWS(ns)  TPWS Failing Endpoints  TPWS Total Endpoints  
-----                       -------      -------  ---------------------  -------------------      -------      -------  ---------------------  -------------------     --------     --------  ----------------------  --------------------  
sys_clk                                                                                                                                                                   2.000        0.000                       0                     1  
  clkfbout_clk_wiz_0                                                                                                                                                     44.000        0.000                       0                     3  
  pixel_clk_clk_wiz_0         4.262        0.000                      0                 3482        0.030        0.000                      0                 3482        5.753        0.000                       0                  2664  
  serial_clk_clk_wiz_0                                                                                                                                                    0.538        0.000                       0                    10  


------------------------------------------------------------------------------------------------
| Inter Clock Table
| -----------------
------------------------------------------------------------------------------------------------

From Clock    To Clock          WNS(ns)      TNS(ns)  TNS Failing Endpoints  TNS Total Endpoints      WHS(ns)      THS(ns)  THS Failing Endpoints  THS Total Endpoints  
----------    --------          -------      -------  ---------------------  -------------------      -------      -------  ---------------------  -------------------  


------------------------------------------------------------------------------------------------
| Other Path Groups Table
| -----------------------
------------------------------------------------------------------------------------------------

Path Group    From Clock    To Clock          WNS(ns)      TNS(ns)  TNS Failing Endpoints  TNS Total Endpoints      WHS(ns)      THS(ns)  THS Failing Endpoints  THS Total Endpoints  
----------    ----------    --------          -------      -------  ---------------------  -------------------      -------      -------  ---------------------  -------------------  


------------------------------------------------------------------------------------------------
| User Ignored Path Table
| -----------------------
------------------------------------------------------------------------------------------------

Path Group           From Clock           To Clock           
----------           ----------           --------           
(none)                                    pixel_clk_clk_wiz_0  


------------------------------------------------------------------------------------------------
| Unconstrained Path Table
| ------------------------
------------------------------------------------------------------------------------------------

Path Group            From Clock            To Clock            
----------            ----------            --------            
(none)                serial_clk_clk_wiz_0                        
(none)                                      pixel_clk_clk_wiz_0   


------------------------------------------------------------------------------------------------
| Timing Details
| --------------
------------------------------------------------------------------------------------------------


---------------------------------------------------------------------------------------------------
From Clock:  sys_clk
  To Clock:  sys_clk

Setup :           NA  Failing Endpoints,  Worst Slack           NA  ,  Total Violation           NA
Hold  :           NA  Failing Endpoints,  Worst Slack           NA  ,  Total Violation           NA
PW    :            0  Failing Endpoints,  Worst Slack        2.000ns,  Total Violation        0.000ns
---------------------------------------------------------------------------------------------------


Pulse Width Checks
--------------------------------------------------------------------------------------
Clock Name:         sys_clk
Waveform(ns):       { 0.000 4.000 }
Period(ns):         8.000
Sources:            { sys_clk }

Check Type        Corner  Lib Pin            Reference Pin  Required(ns)  Actual(ns)  Slack(ns)  Location         Pin
Min Period        n/a     MMCME2_ADV/CLKIN1  n/a            1.249         8.000       6.751      MMCME2_ADV_X0Y1  clk_wiz_0_inst/inst/mmcm_adv_inst/CLKIN1
Max Period        n/a     MMCME2_ADV/CLKIN1  n/a            100.000       8.000       92.000     MMCME2_ADV_X0Y1  clk_wiz_0_inst/inst/mmcm_adv_inst/CLKIN1
Low Pulse Width   Slow    MMCME2_ADV/CLKIN1  n/a            2.000         4.000       2.000      MMCME2_ADV_X0Y1  clk_wiz_0_inst/inst/mmcm_adv_inst/CLKIN1
Low Pulse Width   Fast    MMCME2_ADV/CLKIN1  n/a            2.000         4.000       2.000      MMCME2_ADV_X0Y1  clk_wiz_0_inst/inst/mmcm_adv_inst/CLKIN1
High Pulse Width  Slow    MMCME2_ADV/CLKIN1  n/a            2.000         4.000       2.000      MMCME2_ADV_X0Y1  clk_wiz_0_inst/inst/mmcm_adv_inst/CLKIN1
High Pulse Width  Fast    MMCME2_ADV/CLKIN1  n/a            2.000         4.000       2.000      MMCME2_ADV_X0Y1  clk_wiz_0_inst/inst/mmcm_adv_inst/CLKIN1



---------------------------------------------------------------------------------------------------
From Clock:  clkfbout_clk_wiz_0
  To Clock:  clkfbout_clk_wiz_0

Setup :           NA  Failing Endpoints,  Worst Slack           NA  ,  Total Violation           NA
Hold  :           NA  Failing Endpoints,  Worst Slack           NA  ,  Total Violation           NA
PW    :            0  Failing Endpoints,  Worst Slack       44.000ns,  Total Violation        0.000ns
---------------------------------------------------------------------------------------------------


Pulse Width Checks
--------------------------------------------------------------------------------------
Clock Name:         clkfbout_clk_wiz_0
Waveform(ns):       { 0.000 28.000 }
Period(ns):         56.000
Sources:            { clk_wiz_0_inst/inst/mmcm_adv_inst/CLKFBOUT }

Check Type  Corner  Lib Pin              Reference Pin  Required(ns)  Actual(ns)  Slack(ns)  Location         Pin
Min Period  n/a     BUFG/I               n/a            2.155         56.000      53.845     BUFGCTRL_X0Y18   clk_wiz_0_inst/inst/clkf_buf/I
Min Period  n/a     MMCME2_ADV/CLKFBOUT  n/a            1.249         56.000      54.751     MMCME2_ADV_X0Y1  clk_wiz_0_inst/inst/mmcm_adv_inst/CLKFBOUT
Min Period  n/a     MMCME2_ADV/CLKFBIN   n/a            1.249         56.000      54.751     MMCME2_ADV_X0Y1  clk_wiz_0_inst/inst/mmcm_adv_inst/CLKFBIN
Max Period  n/a     MMCME2_ADV/CLKFBIN   n/a            100.000       56.000      44.000     MMCME2_ADV_X0Y1  clk_wiz_0_inst/inst/mmcm_adv_inst/CLKFBIN
Max Period  n/a     MMCME2_ADV/CLKFBOUT  n/a            213.360       56.000      157.360    MMCME2_ADV_X0Y1  clk_wiz_0_inst/inst/mmcm_adv_inst/CLKFBOUT



---------------------------------------------------------------------------------------------------
From Clock:  pixel_clk_clk_wiz_0
  To Clock:  pixel_clk_clk_wiz_0

Setup :            0  Failing Endpoints,  Worst Slack        4.262ns,  Total Violation        0.000ns
Hold  :            0  Failing Endpoints,  Worst Slack        0.030ns,  Total Violation        0.000ns
PW    :            0  Failing Endpoints,  Worst Slack        5.753ns,  Total Violation        0.000ns
---------------------------------------------------------------------------------------------------


Max Delay Paths
--------------------------------------------------------------------------------------
Slack (MET) :             4.262ns  (required time - arrival time)
  Source:                 triangle_inst/s5_reg[wb][4][1]/C
                            (rising edge-triggered cell FDRE clocked by pixel_clk_clk_wiz_0  {rise@0.000ns fall@6.733ns period=13.467ns})
  Destination:            triangle_inst/s6_reg[wa][-15]/S
                            (rising edge-triggered cell FDSE clocked by pixel_clk_clk_wiz_0  {rise@0.000ns fall@6.733ns period=13.467ns})
  Path Group:             pixel_clk_clk_wiz_0
  Path Type:              Setup (Max at Slow Process Corner)
  Requirement:            13.467ns  (pixel_clk_clk_wiz_0 rise@13.467ns - pixel_clk_clk_wiz_0 rise@0.000ns)
  Data Path Delay:        8.288ns  (logic 4.073ns (49.143%)  route 4.215ns (50.857%))
  Logic Levels:           18  (CARRY4=15 LUT1=1 LUT2=1 LUT3=1)
  Clock Path Skew:        -0.061ns (DCD - SCD + CPR)
    Destination Clock Delay (DCD):    -1.348ns = ( 12.119 - 13.467 ) 
    Source Clock Delay      (SCD):    -0.699ns
    Clock Pessimism Removal (CPR):    0.588ns
  Clock Uncertainty:      0.125ns  ((TSJ^2 + DJ^2)^1/2) / 2 + PE
    Total System Jitter     (TSJ):    0.071ns
    Discrete Jitter          (DJ):    0.240ns
    Phase Error              (PE):    0.000ns

    Location             Delay type                Incr(ns)  Path(ns)    Netlist Resource(s)
  -------------------------------------------------------------------    -------------------
                         (clock pixel_clk_clk_wiz_0 rise edge)
                                                      0.000     0.000 r  <hidden>
    K17                                               0.000     0.000 r  sys_clk
                         net (fo=0)                   0.000     0.000    clk_wiz_0_inst/inst/sys_clk
    K17                  IBUF (Prop_ibuf_I_O)         1.492     1.492 r  clk_wiz_0_inst/inst/clkin1_ibufg/O
                         net (fo=1, routed)           1.285     2.777    clk_wiz_0_inst/inst/sys_clk_clk_wiz_0
    MMCME2_ADV_X0Y1      MMCME2_ADV (Prop_mmcme2_adv_CLKIN1_CLKOUT0)
                                                     -6.996    -4.219 r  clk_wiz_0_inst/inst/mmcm_adv_inst/CLKOUT0
                         net (fo=1, routed)           1.760    -2.459    clk_wiz_0_inst/inst/pixel_clk_clk_wiz_0
    BUFGCTRL_X0Y16       BUFG (Prop_bufg_I_O)         0.101    -2.358 r  clk_wiz_0_inst/inst/clkout1_buf/O
                         net (fo=2662, routed)        1.659    -0.699    triangle_inst/pixel_clk
    SLICE_X34Y57         FDRE                                         r  triangle_inst/s5_reg[wb][4][1]/C
  -------------------------------------------------------------------    -------------------
    SLICE_X34Y57         FDRE (Prop_fdre_C_Q)         0.518    -0.181 f  triangle_inst/s5_reg[wb][4][1]/Q
                         net (fo=2, routed)           0.829     0.648    triangle_inst/s5_reg[wb][4]__0[-25]
    SLICE_X32Y57         LUT1 (Prop_lut1_I0_O)        0.124     0.772 r  triangle_inst/i__carry_i_5/O
                         net (fo=1, routed)           0.000     0.772    triangle_inst/p_0_in[1]
    SLICE_X32Y57         CARRY4 (Prop_carry4_S[0]_CO[3])
                                                      0.513     1.285 r  triangle_inst/arg_inferred__3/i__carry/CO[3]
                         net (fo=1, routed)           0.000     1.285    triangle_inst/arg_inferred__3/i__carry_n_0
    SLICE_X32Y58         CARRY4 (Prop_carry4_CI_CO[3])
                                                      0.117     1.402 r  triangle_inst/arg_inferred__3/i__carry__0/CO[3]
                         net (fo=1, routed)           0.000     1.402    triangle_inst/arg_inferred__3/i__carry__0_n_0
    SLICE_X32Y59         CARRY4 (Prop_carry4_CI_CO[3])
                                                      0.117     1.519 r  triangle_inst/arg_inferred__3/i__carry__1/CO[3]
                         net (fo=1, routed)           0.000     1.519    triangle_inst/arg_inferred__3/i__carry__1_n_0
    SLICE_X32Y60         CARRY4 (Prop_carry4_CI_CO[3])
                                                      0.117     1.636 r  triangle_inst/arg_inferred__3/i__carry__2/CO[3]
                         net (fo=1, routed)           0.000     1.636    triangle_inst/arg_inferred__3/i__carry__2_n_0
    SLICE_X32Y61         CARRY4 (Prop_carry4_CI_CO[3])
                                                      0.117     1.753 r  triangle_inst/arg_inferred__3/i__carry__3/CO[3]
                         net (fo=1, routed)           0.000     1.753    triangle_inst/arg_inferred__3/i__carry__3_n_0
    SLICE_X32Y62         CARRY4 (Prop_carry4_CI_CO[3])
                                                      0.117     1.870 r  triangle_inst/arg_inferred__3/i__carry__4/CO[3]
                         net (fo=1, routed)           0.000     1.870    triangle_inst/arg_inferred__3/i__carry__4_n_0
    SLICE_X32Y63         CARRY4 (Prop_carry4_CI_CO[3])
                                                      0.117     1.987 r  triangle_inst/arg_inferred__3/i__carry__5/CO[3]
                         net (fo=1, routed)           0.000     1.987    triangle_inst/arg_inferred__3/i__carry__5_n_0
    SLICE_X32Y64         CARRY4 (Prop_carry4_CI_CO[3])
                                                      0.117     2.104 r  triangle_inst/arg_inferred__3/i__carry__6/CO[3]
                         net (fo=1, routed)           0.000     2.104    triangle_inst/arg_inferred__3/i__carry__6_n_0
    SLICE_X32Y65         CARRY4 (Prop_carry4_CI_CO[3])
                                                      0.117     2.221 r  triangle_inst/arg_inferred__3/i__carry__7/CO[3]
                         net (fo=1, routed)           0.000     2.221    triangle_inst/arg_inferred__3/i__carry__7_n_0
    SLICE_X32Y66         CARRY4 (Prop_carry4_CI_CO[3])
                                                      0.117     2.338 r  triangle_inst/arg_inferred__3/i__carry__8/CO[3]
                         net (fo=1, routed)           0.000     2.338    triangle_inst/arg_inferred__3/i__carry__8_n_0
    SLICE_X32Y67         CARRY4 (Prop_carry4_CI_CO[3])
                                                      0.117     2.455 r  triangle_inst/arg_inferred__3/i__carry__9/CO[3]
                         net (fo=1, routed)           0.000     2.455    triangle_inst/arg_inferred__3/i__carry__9_n_0
    SLICE_X32Y68         CARRY4 (Prop_carry4_CI_O[0])
                                                      0.219     2.674 r  triangle_inst/arg_inferred__3/i__carry__10/O[0]
                         net (fo=2, routed)           0.761     3.435    triangle_inst/resize[45]
    SLICE_X31Y68         LUT2 (Prop_lut2_I0_O)        0.295     3.730 r  triangle_inst/i___105_carry__10_i_3/O
                         net (fo=1, routed)           0.000     3.730    triangle_inst/i___105_carry__10_i_3_n_0
    SLICE_X31Y68         CARRY4 (Prop_carry4_S[1]_CO[3])
                                                      0.550     4.280 r  triangle_inst/arg_inferred__3/i___105_carry__10/CO[3]
                         net (fo=1, routed)           0.000     4.280    triangle_inst/arg_inferred__3/i___105_carry__10_n_0
    SLICE_X31Y69         CARRY4 (Prop_carry4_CI_CO[3])
                                                      0.114     4.394 r  triangle_inst/arg_inferred__3/i___105_carry__11/CO[3]
                         net (fo=1, routed)           0.000     4.394    triangle_inst/arg_inferred__3/i___105_carry__11_n_0
    SLICE_X31Y70         CARRY4 (Prop_carry4_CI_O[2])
                                                      0.239     4.633 r  triangle_inst/arg_inferred__3/i___105_carry__12/O[2]
                         net (fo=56, routed)          1.184     5.817    triangle_inst/to_sulv[0]
    SLICE_X30Y67         LUT3 (Prop_lut3_I2_O)        0.331     6.148 r  triangle_inst/s6[wa][28]_i_1/O
                         net (fo=55, routed)          1.441     7.589    triangle_inst/s6[wa][0]
    SLICE_X30Y60         FDSE                                         r  triangle_inst/s6_reg[wa][-15]/S
  -------------------------------------------------------------------    -------------------

                         (clock pixel_clk_clk_wiz_0 rise edge)
                                                     13.467    13.467 r  <hidden>
    K17                                               0.000    13.467 r  sys_clk
                         net (fo=0)                   0.000    13.467    clk_wiz_0_inst/inst/sys_clk
    K17                  IBUF (Prop_ibuf_I_O)         1.421    14.888 r  clk_wiz_0_inst/inst/clkin1_ibufg/O
                         net (fo=1, routed)           1.162    16.050    clk_wiz_0_inst/inst/sys_clk_clk_wiz_0
    MMCME2_ADV_X0Y1      MMCME2_ADV (Prop_mmcme2_adv_CLKIN1_CLKOUT0)
                                                     -7.105     8.945 r  clk_wiz_0_inst/inst/mmcm_adv_inst/CLKOUT0
                         net (fo=1, routed)           1.599    10.544    clk_wiz_0_inst/inst/pixel_clk_clk_wiz_0
    BUFGCTRL_X0Y16       BUFG (Prop_bufg_I_O)         0.091    10.635 r  clk_wiz_0_inst/inst/clkout1_buf/O
                         net (fo=2662, routed)        1.484    12.119    triangle_inst/pixel_clk
    SLICE_X30Y60         FDSE                                         r  triangle_inst/s6_reg[wa][-15]/C
                         clock pessimism              0.588    12.707    <hidden>
                         clock uncertainty           -0.125    12.582    <hidden>
    SLICE_X30Y60         FDSE (Setup_fdse_C_S)       -0.731    11.851    triangle_inst/s6_reg[wa][-15]
  -------------------------------------------------------------------
                         required time                         11.851    <hidden>
                         arrival time                          -7.589    <hidden>
  -------------------------------------------------------------------
                         slack                                  4.262    <hidden>

Slack (MET) :             4.262ns  (required time - arrival time)
  Source:                 triangle_inst/s5_reg[wb][4][1]/C
                            (rising edge-triggered cell FDRE clocked by pixel_clk_clk_wiz_0  {rise@0.000ns fall@6.733ns period=13.467ns})
  Destination:            triangle_inst/s6_reg[wa][-16]/S
                            (rising edge-triggered cell FDSE clocked by pixel_clk_clk_wiz_0  {rise@0.000ns fall@6.733ns period=13.467ns})
  Path Group:             pixel_clk_clk_wiz_0
  Path Type:              Setup (Max at Slow Process Corner)
  Requirement:            13.467ns  (pixel_clk_clk_wiz_0 rise@13.467ns - pixel_clk_clk_wiz_0 rise@0.000ns)
  Data Path Delay:        8.288ns  (logic 4.073ns (49.143%)  route 4.215ns (50.857%))
  Logic Levels:           18  (CARRY4=15 LUT1=1 LUT2=1 LUT3=1)
  Clock Path Skew:        -0.061ns (DCD - SCD + CPR)
    Destination Clock Delay (DCD):    -1.348ns = ( 12.119 - 13.467 ) 
    Source Clock Delay      (SCD):    -0.699ns
    Clock Pessimism Removal (CPR):    0.588ns
  Clock Uncertainty:      0.125ns  ((TSJ^2 + DJ^2)^1/2) / 2 + PE
    Total System Jitter     (TSJ):    0.071ns
    Discrete Jitter          (DJ):    0.240ns
    Phase Error              (PE):    0.000ns

    Location             Delay type                Incr(ns)  Path(ns)    Netlist Resource(s)
  -------------------------------------------------------------------    -------------------
                         (clock pixel_clk_clk_wiz_0 rise edge)
                                                      0.000     0.000 r  <hidden>
    K17                                               0.000     0.000 r  sys_clk
                         net (fo=0)                   0.000     0.000    clk_wiz_0_inst/inst/sys_clk
    K17                  IBUF (Prop_ibuf_I_O)         1.492     1.492 r  clk_wiz_0_inst/inst/clkin1_ibufg/O
                         net (fo=1, routed)           1.285     2.777    clk_wiz_0_inst/inst/sys_clk_clk_wiz_0
    MMCME2_ADV_X0Y1      MMCME2_ADV (Prop_mmcme2_adv_CLKIN1_CLKOUT0)
                                                     -6.996    -4.219 r  clk_wiz_0_inst/inst/mmcm_adv_inst/CLKOUT0
                         net (fo=1, routed)           1.760    -2.459    clk_wiz_0_inst/inst/pixel_clk_clk_wiz_0
    BUFGCTRL_X0Y16       BUFG (Prop_bufg_I_O)         0.101    -2.358 r  clk_wiz_0_inst/inst/clkout1_buf/O
                         net (fo=2662, routed)        1.659    -0.699    triangle_inst/pixel_clk
    SLICE_X34Y57         FDRE                                         r  triangle_inst/s5_reg[wb][4][1]/C
  -------------------------------------------------------------------    -------------------
    SLICE_X34Y57         FDRE (Prop_fdre_C_Q)         0.518    -0.181 f  triangle_inst/s5_reg[wb][4][1]/Q
                         net (fo=2, routed)           0.829     0.648    triangle_inst/s5_reg[wb][4]__0[-25]
    SLICE_X32Y57         LUT1 (Prop_lut1_I0_O)        0.124     0.772 r  triangle_inst/i__carry_i_5/O
                         net (fo=1, routed)           0.000     0.772    triangle_inst/p_0_in[1]
    SLICE_X32Y57         CARRY4 (Prop_carry4_S[0]_CO[3])
                                                      0.513     1.285 r  triangle_inst/arg_inferred__3/i__carry/CO[3]
                         net (fo=1, routed)           0.000     1.285    triangle_inst/arg_inferred__3/i__carry_n_0
    SLICE_X32Y58         CARRY4 (Prop_carry4_CI_CO[3])
                                                      0.117     1.402 r  triangle_inst/arg_inferred__3/i__carry__0/CO[3]
                         net (fo=1, routed)           0.000     1.402    triangle_inst/arg_inferred__3/i__carry__0_n_0
    SLICE_X32Y59         CARRY4 (Prop_carry4_CI_CO[3])
                                                      0.117     1.519 r  triangle_inst/arg_inferred__3/i__carry__1/CO[3]
                         net (fo=1, routed)           0.000     1.519    triangle_inst/arg_inferred__3/i__carry__1_n_0
    SLICE_X32Y60         CARRY4 (Prop_carry4_CI_CO[3])
                                                      0.117     1.636 r  triangle_inst/arg_inferred__3/i__carry__2/CO[3]
                         net (fo=1, routed)           0.000     1.636    triangle_inst/arg_inferred__3/i__carry__2_n_0
    SLICE_X32Y61         CARRY4 (Prop_carry4_CI_CO[3])
                                                      0.117     1.753 r  triangle_inst/arg_inferred__3/i__carry__3/CO[3]
                         net (fo=1, routed)           0.000     1.753    triangle_inst/arg_inferred__3/i__carry__3_n_0
    SLICE_X32Y62         CARRY4 (Prop_carry4_CI_CO[3])
                                                      0.117     1.870 r  triangle_inst/arg_inferred__3/i__carry__4/CO[3]
                         net (fo=1, routed)           0.000     1.870    triangle_inst/arg_inferred__3/i__carry__4_n_0
    SLICE_X32Y63         CARRY4 (Prop_carry4_CI_CO[3])
                                                      0.117     1.987 r  triangle_inst/arg_inferred__3/i__carry__5/CO[3]
                         net (fo=1, routed)           0.000     1.987    triangle_inst/arg_inferred__3/i__carry__5_n_0
    SLICE_X32Y64         CARRY4 (Prop_carry4_CI_CO[3])
                                                      0.117     2.104 r  triangle_inst/arg_inferred__3/i__carry__6/CO[3]
                         net (fo=1, routed)           0.000     2.104    triangle_inst/arg_inferred__3/i__carry__6_n_0
    SLICE_X32Y65         CARRY4 (Prop_carry4_CI_CO[3])
                                                      0.117     2.221 r  triangle_inst/arg_inferred__3/i__carry__7/CO[3]
                         net (fo=1, routed)           0.000     2.221    triangle_inst/arg_inferred__3/i__carry__7_n_0
    SLICE_X32Y66         CARRY4 (Prop_carry4_CI_CO[3])
                                                      0.117     2.338 r  triangle_inst/arg_inferred__3/i__carry__8/CO[3]
                         net (fo=1, routed)           0.000     2.338    triangle_inst/arg_inferred__3/i__carry__8_n_0
    SLICE_X32Y67         CARRY4 (Prop_carry4_CI_CO[3])
                                                      0.117     2.455 r  triangle_inst/arg_inferred__3/i__carry__9/CO[3]
                         net (fo=1, routed)           0.000     2.455    triangle_inst/arg_inferred__3/i__carry__9_n_0
    SLICE_X32Y68         CARRY4 (Prop_carry4_CI_O[0])
                                                      0.219     2.674 r  triangle_inst/arg_inferred__3/i__carry__10/O[0]
                         net (fo=2, routed)           0.761     3.435    triangle_inst/resize[45]
    SLICE_X31Y68         LUT2 (Prop_lut2_I0_O)        0.295     3.730 r  triangle_inst/i___105_carry__10_i_3/O
                         net (fo=1, routed)           0.000     3.730    triangle_inst/i___105_carry__10_i_3_n_0
    SLICE_X31Y68         CARRY4 (Prop_carry4_S[1]_CO[3])
                                                      0.550     4.280 r  triangle_inst/arg_inferred__3/i___105_carry__10/CO[3]
                         net (fo=1, routed)           0.000     4.280    triangle_inst/arg_inferred__3/i___105_carry__10_n_0
    SLICE_X31Y69         CARRY4 (Prop_carry4_CI_CO[3])
                                                      0.114     4.394 r  triangle_inst/arg_inferred__3/i___105_carry__11/CO[3]
                         net (fo=1, routed)           0.000     4.394    triangle_inst/arg_inferred__3/i___105_carry__11_n_0
    SLICE_X31Y70         CARRY4 (Prop_carry4_CI_O[2])
                                                      0.239     4.633 r  triangle_inst/arg_inferred__3/i___105_carry__12/O[2]
                         net (fo=56, routed)          1.184     5.817    triangle_inst/to_sulv[0]
    SLICE_X30Y67         LUT3 (Prop_lut3_I2_O)        0.331     6.148 r  triangle_inst/s6[wa][28]_i_1/O
                         net (fo=55, routed)          1.441     7.589    triangle_inst/s6[wa][0]
    SLICE_X30Y60         FDSE                                         r  triangle_inst/s6_reg[wa][-16]/S
  -------------------------------------------------------------------    -------------------

                         (clock pixel_clk_clk_wiz_0 rise edge)
                                                     13.467    13.467 r  <hidden>
    K17                                               0.000    13.467 r  sys_clk
                         net (fo=0)                   0.000    13.467    clk_wiz_0_inst/inst/sys_clk
    K17                  IBUF (Prop_ibuf_I_O)         1.421    14.888 r  clk_wiz_0_inst/inst/clkin1_ibufg/O
                         net (fo=1, routed)           1.162    16.050    clk_wiz_0_inst/inst/sys_clk_clk_wiz_0
    MMCME2_ADV_X0Y1      MMCME2_ADV (Prop_mmcme2_adv_CLKIN1_CLKOUT0)
                                                     -7.105     8.945 r  clk_wiz_0_inst/inst/mmcm_adv_inst/CLKOUT0
                         net (fo=1, routed)           1.599    10.544    clk_wiz_0_inst/inst/pixel_clk_clk_wiz_0
    BUFGCTRL_X0Y16       BUFG (Prop_bufg_I_O)         0.091    10.635 r  clk_wiz_0_inst/inst/clkout1_buf/O
                         net (fo=2662, routed)        1.484    12.119    triangle_inst/pixel_clk
    SLICE_X30Y60         FDSE                                         r  triangle_inst/s6_reg[wa][-16]/C
                         clock pessimism              0.588    12.707    <hidden>
                         clock uncertainty           -0.125    12.582    <hidden>
    SLICE_X30Y60         FDSE (Setup_fdse_C_S)       -0.731    11.851    triangle_inst/s6_reg[wa][-16]
  -------------------------------------------------------------------
                         required time                         11.851    <hidden>
                         arrival time                          -7.589    <hidden>
  -------------------------------------------------------------------
                         slack                                  4.262    <hidden>

Slack (MET) :             4.262ns  (required time - arrival time)
  Source:                 triangle_inst/s5_reg[wb][4][1]/C
                            (rising edge-triggered cell FDRE clocked by pixel_clk_clk_wiz_0  {rise@0.000ns fall@6.733ns period=13.467ns})
  Destination:            triangle_inst/s6_reg[wa][-19]/S
                            (rising edge-triggered cell FDSE clocked by pixel_clk_clk_wiz_0  {rise@0.000ns fall@6.733ns period=13.467ns})
  Path Group:             pixel_clk_clk_wiz_0
  Path Type:              Setup (Max at Slow Process Corner)
  Requirement:            13.467ns  (pixel_clk_clk_wiz_0 rise@13.467ns - pixel_clk_clk_wiz_0 rise@0.000ns)
  Data Path Delay:        8.288ns  (logic 4.073ns (49.143%)  route 4.215ns (50.857%))
  Logic Levels:           18  (CARRY4=15 LUT1=1 LUT2=1 LUT3=1)
  Clock Path Skew:        -0.061ns (DCD - SCD + CPR)
    Destination Clock Delay (DCD):    -1.348ns = ( 12.119 - 13.467 ) 
    Source Clock Delay      (SCD):    -0.699ns
    Clock Pessimism Removal (CPR):    0.588ns
  Clock Uncertainty:      0.125ns  ((TSJ^2 + DJ^2)^1/2) / 2 + PE
    Total System Jitter     (TSJ):    0.071ns
    Discrete Jitter          (DJ):    0.240ns
    Phase Error              (PE):    0.000ns

    Location             Delay type                Incr(ns)  Path(ns)    Netlist Resource(s)
  -------------------------------------------------------------------    -------------------
                         (clock pixel_clk_clk_wiz_0 rise edge)
                                                      0.000     0.000 r  <hidden>
    K17                                               0.000     0.000 r  sys_clk
                         net (fo=0)                   0.000     0.000    clk_wiz_0_inst/inst/sys_clk
    K17                  IBUF (Prop_ibuf_I_O)         1.492     1.492 r  clk_wiz_0_inst/inst/clkin1_ibufg/O
                         net (fo=1, routed)           1.285     2.777    clk_wiz_0_inst/inst/sys_clk_clk_wiz_0
    MMCME2_ADV_X0Y1      MMCME2_ADV (Prop_mmcme2_adv_CLKIN1_CLKOUT0)
                                                     -6.996    -4.219 r  clk_wiz_0_inst/inst/mmcm_adv_inst/CLKOUT0
                         net (fo=1, routed)           1.760    -2.459    clk_wiz_0_inst/inst/pixel_clk_clk_wiz_0
    BUFGCTRL_X0Y16       BUFG (Prop_bufg_I_O)         0.101    -2.358 r  clk_wiz_0_inst/inst/clkout1_buf/O
                         net (fo=2662, routed)        1.659    -0.699    triangle_inst/pixel_clk
    SLICE_X34Y57         FDRE                                         r  triangle_inst/s5_reg[wb][4][1]/C
  -------------------------------------------------------------------    -------------------
    SLICE_X34Y57         FDRE (Prop_fdre_C_Q)         0.518    -0.181 f  triangle_inst/s5_reg[wb][4][1]/Q
                         net (fo=2, routed)           0.829     0.648    triangle_inst/s5_reg[wb][4]__0[-25]
    SLICE_X32Y57         LUT1 (Prop_lut1_I0_O)        0.124     0.772 r  triangle_inst/i__carry_i_5/O
                         net (fo=1, routed)           0.000     0.772    triangle_inst/p_0_in[1]
    SLICE_X32Y57         CARRY4 (Prop_carry4_S[0]_CO[3])
                                                      0.513     1.285 r  triangle_inst/arg_inferred__3/i__carry/CO[3]
                         net (fo=1, routed)           0.000     1.285    triangle_inst/arg_inferred__3/i__carry_n_0
    SLICE_X32Y58         CARRY4 (Prop_carry4_CI_CO[3])
                                                      0.117     1.402 r  triangle_inst/arg_inferred__3/i__carry__0/CO[3]
                         net (fo=1, routed)           0.000     1.402    triangle_inst/arg_inferred__3/i__carry__0_n_0
    SLICE_X32Y59         CARRY4 (Prop_carry4_CI_CO[3])
                                                      0.117     1.519 r  triangle_inst/arg_inferred__3/i__carry__1/CO[3]
                         net (fo=1, routed)           0.000     1.519    triangle_inst/arg_inferred__3/i__carry__1_n_0
    SLICE_X32Y60         CARRY4 (Prop_carry4_CI_CO[3])
                                                      0.117     1.636 r  triangle_inst/arg_inferred__3/i__carry__2/CO[3]
                         net (fo=1, routed)           0.000     1.636    triangle_inst/arg_inferred__3/i__carry__2_n_0
    SLICE_X32Y61         CARRY4 (Prop_carry4_CI_CO[3])
                                                      0.117     1.753 r  triangle_inst/arg_inferred__3/i__carry__3/CO[3]
                         net (fo=1, routed)           0.000     1.753    triangle_inst/arg_inferred__3/i__carry__3_n_0
    SLICE_X32Y62         CARRY4 (Prop_carry4_CI_CO[3])
                                                      0.117     1.870 r  triangle_inst/arg_inferred__3/i__carry__4/CO[3]
                         net (fo=1, routed)           0.000     1.870    triangle_inst/arg_inferred__3/i__carry__4_n_0
    SLICE_X32Y63         CARRY4 (Prop_carry4_CI_CO[3])
                                                      0.117     1.987 r  triangle_inst/arg_inferred__3/i__carry__5/CO[3]
                         net (fo=1, routed)           0.000     1.987    triangle_inst/arg_inferred__3/i__carry__5_n_0
    SLICE_X32Y64         CARRY4 (Prop_carry4_CI_CO[3])
                                                      0.117     2.104 r  triangle_inst/arg_inferred__3/i__carry__6/CO[3]
                         net (fo=1, routed)           0.000     2.104    triangle_inst/arg_inferred__3/i__carry__6_n_0
    SLICE_X32Y65         CARRY4 (Prop_carry4_CI_CO[3])
                                                      0.117     2.221 r  triangle_inst/arg_inferred__3/i__carry__7/CO[3]
                         net (fo=1, routed)           0.000     2.221    triangle_inst/arg_inferred__3/i__carry__7_n_0
    SLICE_X32Y66         CARRY4 (Prop_carry4_CI_CO[3])
                                                      0.117     2.338 r  triangle_inst/arg_inferred__3/i__carry__8/CO[3]
                         net (fo=1, routed)           0.000     2.338    triangle_inst/arg_inferred__3/i__carry__8_n_0
    SLICE_X32Y67         CARRY4 (Prop_carry4_CI_CO[3])
                                                      0.117     2.455 r  triangle_inst/arg_inferred__3/i__carry__9/CO[3]
                         net (fo=1, routed)           0.000     2.455    triangle_inst/arg_inferred__3/i__carry__9_n_0
    SLICE_X32Y68         CARRY4 (Prop_carry4_CI_O[0])
                                                      0.219     2.674 r  triangle_inst/arg_inferred__3/i__carry__10/O[0]
                         net (fo=2, routed)           0.761     3.435    triangle_inst/resize[45]
    SLICE_X31Y68         LUT2 (Prop_lut2_I0_O)        0.295     3.730 r  triangle_inst/i___105_carry__10_i_3/O
                         net (fo=1, routed)           0.000     3.730    triangle_inst/i___105_carry__10_i_3_n_0
    SLICE_X31Y68         CARRY4 (Prop_carry4_S[1]_CO[3])
                                                      0.550     4.280 r  triangle_inst/arg_inferred__3/i___105_carry__10/CO[3]
                         net (fo=1, routed)           0.000     4.280    triangle_inst/arg_inferred__3/i___105_carry__10_n_0
    SLICE_X31Y69         CARRY4 (Prop_carry4_CI_CO[3])
                                                      0.114     4.394 r  triangle_inst/arg_inferred__3/i___105_carry__11/CO[3]
                         net (fo=1, routed)           0.000     4.394    triangle_inst/arg_inferred__3/i___105_carry__11_n_0
    SLICE_X31Y70         CARRY4 (Prop_carry4_CI_O[2])
                                                      0.239     4.633 r  triangle_inst/arg_inferred__3/i___105_carry__12/O[2]
                         net (fo=56, routed)          1.184     5.817    triangle_inst/to_sulv[0]
    SLICE_X30Y67         LUT3 (Prop_lut3_I2_O)        0.331     6.148 r  triangle_inst/s6[wa][28]_i_1/O
                         net (fo=55, routed)          1.441     7.589    triangle_inst/s6[wa][0]
    SLICE_X30Y60         FDSE                                         r  triangle_inst/s6_reg[wa][-19]/S
  -------------------------------------------------------------------    -------------------

                         (clock pixel_clk_clk_wiz_0 rise edge)
                                                     13.467    13.467 r  <hidden>
    K17                                               0.000    13.467 r  sys_clk
                         net (fo=0)                   0.000    13.467    clk_wiz_0_inst/inst/sys_clk
    K17                  IBUF (Prop_ibuf_I_O)         1.421    14.888 r  clk_wiz_0_inst/inst/clkin1_ibufg/O
                         net (fo=1, routed)           1.162    16.050    clk_wiz_0_inst/inst/sys_clk_clk_wiz_0
    MMCME2_ADV_X0Y1      MMCME2_ADV (Prop_mmcme2_adv_CLKIN1_CLKOUT0)
                                                     -7.105     8.945 r  clk_wiz_0_inst/inst/mmcm_adv_inst/CLKOUT0
                         net (fo=1, routed)           1.599    10.544    clk_wiz_0_inst/inst/pixel_clk_clk_wiz_0
    BUFGCTRL_X0Y16       BUFG (Prop_bufg_I_O)         0.091    10.635 r  clk_wiz_0_inst/inst/clkout1_buf/O
                         net (fo=2662, routed)        1.484    12.119    triangle_inst/pixel_clk
    SLICE_X30Y60         FDSE                                         r  triangle_inst/s6_reg[wa][-19]/C
                         clock pessimism              0.588    12.707    <hidden>
                         clock uncertainty           -0.125    12.582    <hidden>
    SLICE_X30Y60         FDSE (Setup_fdse_C_S)       -0.731    11.851    triangle_inst/s6_reg[wa][-19]
  -------------------------------------------------------------------
                         required time                         11.851    <hidden>
                         arrival time                          -7.589    <hidden>
  -------------------------------------------------------------------
                         slack                                  4.262    <hidden>

Slack (MET) :             4.262ns  (required time - arrival time)
  Source:                 triangle_inst/s5_reg[wb][4][1]/C
                            (rising edge-triggered cell FDRE clocked by pixel_clk_clk_wiz_0  {rise@0.000ns fall@6.733ns period=13.467ns})
  Destination:            triangle_inst/s6_reg[wa][-20]/S
                            (rising edge-triggered cell FDSE clocked by pixel_clk_clk_wiz_0  {rise@0.000ns fall@6.733ns period=13.467ns})
  Path Group:             pixel_clk_clk_wiz_0
  Path Type:              Setup (Max at Slow Process Corner)
  Requirement:            13.467ns  (pixel_clk_clk_wiz_0 rise@13.467ns - pixel_clk_clk_wiz_0 rise@0.000ns)
  Data Path Delay:        8.288ns  (logic 4.073ns (49.143%)  route 4.215ns (50.857%))
  Logic Levels:           18  (CARRY4=15 LUT1=1 LUT2=1 LUT3=1)
  Clock Path Skew:        -0.061ns (DCD - SCD + CPR)
    Destination Clock Delay (DCD):    -1.348ns = ( 12.119 - 13.467 ) 
    Source Clock Delay      (SCD):    -0.699ns
    Clock Pessimism Removal (CPR):    0.588ns
  Clock Uncertainty:      0.125ns  ((TSJ^2 + DJ^2)^1/2) / 2 + PE
    Total System Jitter     (TSJ):    0.071ns
    Discrete Jitter          (DJ):    0.240ns
    Phase Error              (PE):    0.000ns

    Location             Delay type                Incr(ns)  Path(ns)    Netlist Resource(s)
  -------------------------------------------------------------------    -------------------
                         (clock pixel_clk_clk_wiz_0 rise edge)
                                                      0.000     0.000 r  <hidden>
    K17                                               0.000     0.000 r  sys_clk
                         net (fo=0)                   0.000     0.000    clk_wiz_0_inst/inst/sys_clk
    K17                  IBUF (Prop_ibuf_I_O)         1.492     1.492 r  clk_wiz_0_inst/inst/clkin1_ibufg/O
                         net (fo=1, routed)           1.285     2.777    clk_wiz_0_inst/inst/sys_clk_clk_wiz_0
    MMCME2_ADV_X0Y1      MMCME2_ADV (Prop_mmcme2_adv_CLKIN1_CLKOUT0)
                                                     -6.996    -4.219 r  clk_wiz_0_inst/inst/mmcm_adv_inst/CLKOUT0
                         net (fo=1, routed)           1.760    -2.459    clk_wiz_0_inst/inst/pixel_clk_clk_wiz_0
    BUFGCTRL_X0Y16       BUFG (Prop_bufg_I_O)         0.101    -2.358 r  clk_wiz_0_inst/inst/clkout1_buf/O
                         net (fo=2662, routed)        1.659    -0.699    triangle_inst/pixel_clk
    SLICE_X34Y57         FDRE                                         r  triangle_inst/s5_reg[wb][4][1]/C
  -------------------------------------------------------------------    -------------------
    SLICE_X34Y57         FDRE (Prop_fdre_C_Q)         0.518    -0.181 f  triangle_inst/s5_reg[wb][4][1]/Q
                         net (fo=2, routed)           0.829     0.648    triangle_inst/s5_reg[wb][4]__0[-25]
    SLICE_X32Y57         LUT1 (Prop_lut1_I0_O)        0.124     0.772 r  triangle_inst/i__carry_i_5/O
                         net (fo=1, routed)           0.000     0.772    triangle_inst/p_0_in[1]
    SLICE_X32Y57         CARRY4 (Prop_carry4_S[0]_CO[3])
                                                      0.513     1.285 r  triangle_inst/arg_inferred__3/i__carry/CO[3]
                         net (fo=1, routed)           0.000     1.285    triangle_inst/arg_inferred__3/i__carry_n_0
    SLICE_X32Y58         CARRY4 (Prop_carry4_CI_CO[3])
                                                      0.117     1.402 r  triangle_inst/arg_inferred__3/i__carry__0/CO[3]
                         net (fo=1, routed)           0.000     1.402    triangle_inst/arg_inferred__3/i__carry__0_n_0
    SLICE_X32Y59         CARRY4 (Prop_carry4_CI_CO[3])
                                                      0.117     1.519 r  triangle_inst/arg_inferred__3/i__carry__1/CO[3]
                         net (fo=1, routed)           0.000     1.519    triangle_inst/arg_inferred__3/i__carry__1_n_0
    SLICE_X32Y60         CARRY4 (Prop_carry4_CI_CO[3])
                                                      0.117     1.636 r  triangle_inst/arg_inferred__3/i__carry__2/CO[3]
                         net (fo=1, routed)           0.000     1.636    triangle_inst/arg_inferred__3/i__carry__2_n_0
    SLICE_X32Y61         CARRY4 (Prop_carry4_CI_CO[3])
                                                      0.117     1.753 r  triangle_inst/arg_inferred__3/i__carry__3/CO[3]
                         net (fo=1, routed)           0.000     1.753    triangle_inst/arg_inferred__3/i__carry__3_n_0
    SLICE_X32Y62         CARRY4 (Prop_carry4_CI_CO[3])
                                                      0.117     1.870 r  triangle_inst/arg_inferred__3/i__carry__4/CO[3]
                         net (fo=1, routed)           0.000     1.870    triangle_inst/arg_inferred__3/i__carry__4_n_0
    SLICE_X32Y63         CARRY4 (Prop_carry4_CI_CO[3])
                                                      0.117     1.987 r  triangle_inst/arg_inferred__3/i__carry__5/CO[3]
                         net (fo=1, routed)           0.000     1.987    triangle_inst/arg_inferred__3/i__carry__5_n_0
    SLICE_X32Y64         CARRY4 (Prop_carry4_CI_CO[3])
                                                      0.117     2.104 r  triangle_inst/arg_inferred__3/i__carry__6/CO[3]
                         net (fo=1, routed)           0.000     2.104    triangle_inst/arg_inferred__3/i__carry__6_n_0
    SLICE_X32Y65         CARRY4 (Prop_carry4_CI_CO[3])
                                                      0.117     2.221 r  triangle_inst/arg_inferred__3/i__carry__7/CO[3]
                         net (fo=1, routed)           0.000     2.221    triangle_inst/arg_inferred__3/i__carry__7_n_0
    SLICE_X32Y66         CARRY4 (Prop_carry4_CI_CO[3])
                                                      0.117     2.338 r  triangle_inst/arg_inferred__3/i__carry__8/CO[3]
                         net (fo=1, routed)           0.000     2.338    triangle_inst/arg_inferred__3/i__carry__8_n_0
    SLICE_X32Y67         CARRY4 (Prop_carry4_CI_CO[3])
                                                      0.117     2.455 r  triangle_inst/arg_inferred__3/i__carry__9/CO[3]
                         net (fo=1, routed)           0.000     2.455    triangle_inst/arg_inferred__3/i__carry__9_n_0
    SLICE_X32Y68         CARRY4 (Prop_carry4_CI_O[0])
                                                      0.219     2.674 r  triangle_inst/arg_inferred__3/i__carry__10/O[0]
                         net (fo=2, routed)           0.761     3.435    triangle_inst/resize[45]
    SLICE_X31Y68         LUT2 (Prop_lut2_I0_O)        0.295     3.730 r  triangle_inst/i___105_carry__10_i_3/O
                         net (fo=1, routed)           0.000     3.730    triangle_inst/i___105_carry__10_i_3_n_0
    SLICE_X31Y68         CARRY4 (Prop_carry4_S[1]_CO[3])
                                                      0.550     4.280 r  triangle_inst/arg_inferred__3/i___105_carry__10/CO[3]
                         net (fo=1, routed)           0.000     4.280    triangle_inst/arg_inferred__3/i___105_carry__10_n_0
    SLICE_X31Y69         CARRY4 (Prop_carry4_CI_CO[3])
                                                      0.114     4.394 r  triangle_inst/arg_inferred__3/i___105_carry__11/CO[3]
                         net (fo=1, routed)           0.000     4.394    triangle_inst/arg_inferred__3/i___105_carry__11_n_0
    SLICE_X31Y70         CARRY4 (Prop_carry4_CI_O[2])
                                                      0.239     4.633 r  triangle_inst/arg_inferred__3/i___105_carry__12/O[2]
                         net (fo=56, routed)          1.184     5.817    triangle_inst/to_sulv[0]
    SLICE_X30Y67         LUT3 (Prop_lut3_I2_O)        0.331     6.148 r  triangle_inst/s6[wa][28]_i_1/O
                         net (fo=55, routed)          1.441     7.589    triangle_inst/s6[wa][0]
    SLICE_X30Y60         FDSE                                         r  triangle_inst/s6_reg[wa][-20]/S
  -------------------------------------------------------------------    -------------------

                         (clock pixel_clk_clk_wiz_0 rise edge)
                                                     13.467    13.467 r  <hidden>
    K17                                               0.000    13.467 r  sys_clk
                         net (fo=0)                   0.000    13.467    clk_wiz_0_inst/inst/sys_clk
    K17                  IBUF (Prop_ibuf_I_O)         1.421    14.888 r  clk_wiz_0_inst/inst/clkin1_ibufg/O
                         net (fo=1, routed)           1.162    16.050    clk_wiz_0_inst/inst/sys_clk_clk_wiz_0
    MMCME2_ADV_X0Y1      MMCME2_ADV (Prop_mmcme2_adv_CLKIN1_CLKOUT0)
                                                     -7.105     8.945 r  clk_wiz_0_inst/inst/mmcm_adv_inst/CLKOUT0
                         net (fo=1, routed)           1.599    10.544    clk_wiz_0_inst/inst/pixel_clk_clk_wiz_0
    BUFGCTRL_X0Y16       BUFG (Prop_bufg_I_O)         0.091    10.635 r  clk_wiz_0_inst/inst/clkout1_buf/O
                         net (fo=2662, routed)        1.484    12.119    triangle_inst/pixel_clk
    SLICE_X30Y60         FDSE                                         r  triangle_inst/s6_reg[wa][-20]/C
                         clock pessimism              0.588    12.707    <hidden>
                         clock uncertainty           -0.125    12.582    <hidden>
    SLICE_X30Y60         FDSE (Setup_fdse_C_S)       -0.731    11.851    triangle_inst/s6_reg[wa][-20]
  -------------------------------------------------------------------
                         required time                         11.851    <hidden>
                         arrival time                          -7.589    <hidden>
  -------------------------------------------------------------------
                         slack                                  4.262    <hidden>

Slack (MET) :             4.287ns  (required time - arrival time)
  Source:                 triangle_inst/s5_reg[wb][4][1]/C
                            (rising edge-triggered cell FDRE clocked by pixel_clk_clk_wiz_0  {rise@0.000ns fall@6.733ns period=13.467ns})
  Destination:            triangle_inst/s6_reg[wa][-17]/S
                            (rising edge-triggered cell FDSE clocked by pixel_clk_clk_wiz_0  {rise@0.000ns fall@6.733ns period=13.467ns})
  Path Group:             pixel_clk_clk_wiz_0
  Path Type:              Setup (Max at Slow Process Corner)
  Requirement:            13.467ns  (pixel_clk_clk_wiz_0 rise@13.467ns - pixel_clk_clk_wiz_0 rise@0.000ns)
  Data Path Delay:        8.358ns  (logic 4.073ns (48.730%)  route 4.285ns (51.270%))
  Logic Levels:           18  (CARRY4=15 LUT1=1 LUT2=1 LUT3=1)
  Clock Path Skew:        -0.061ns (DCD - SCD + CPR)
    Destination Clock Delay (DCD):    -1.348ns = ( 12.119 - 13.467 ) 
    Source Clock Delay      (SCD):    -0.699ns
    Clock Pessimism Removal (CPR):    0.588ns
  Clock Uncertainty:      0.125ns  ((TSJ^2 + DJ^2)^1/2) / 2 + PE
    Total System Jitter     (TSJ):    0.071ns
    Discrete Jitter          (DJ):    0.240ns
    Phase Error              (PE):    0.000ns

    Location             Delay type                Incr(ns)  Path(ns)    Netlist Resource(s)
  -------------------------------------------------------------------    -------------------
                         (clock pixel_clk_clk_wiz_0 rise edge)
                                                      0.000     0.000 r  <hidden>
    K17                                               0.000     0.000 r  sys_clk
                         net (fo=0)                   0.000     0.000    clk_wiz_0_inst/inst/sys_clk
    K17                  IBUF (Prop_ibuf_I_O)         1.492     1.492 r  clk_wiz_0_inst/inst/clkin1_ibufg/O
                         net (fo=1, routed)           1.285     2.777    clk_wiz_0_inst/inst/sys_clk_clk_wiz_0
    MMCME2_ADV_X0Y1      MMCME2_ADV (Prop_mmcme2_adv_CLKIN1_CLKOUT0)
                                                     -6.996    -4.219 r  clk_wiz_0_inst/inst/mmcm_adv_inst/CLKOUT0
                         net (fo=1, routed)           1.760    -2.459    clk_wiz_0_inst/inst/pixel_clk_clk_wiz_0
    BUFGCTRL_X0Y16       BUFG (Prop_bufg_I_O)         0.101    -2.358 r  clk_wiz_0_inst/inst/clkout1_buf/O
                         net (fo=2662, routed)        1.659    -0.699    triangle_inst/pixel_clk
    SLICE_X34Y57         FDRE                                         r  triangle_inst/s5_reg[wb][4][1]/C
  -------------------------------------------------------------------    -------------------
    SLICE_X34Y57         FDRE (Prop_fdre_C_Q)         0.518    -0.181 f  triangle_inst/s5_reg[wb][4][1]/Q
                         net (fo=2, routed)           0.829     0.648    triangle_inst/s5_reg[wb][4]__0[-25]
    SLICE_X32Y57         LUT1 (Prop_lut1_I0_O)        0.124     0.772 r  triangle_inst/i__carry_i_5/O
                         net (fo=1, routed)           0.000     0.772    triangle_inst/p_0_in[1]
    SLICE_X32Y57         CARRY4 (Prop_carry4_S[0]_CO[3])
                                                      0.513     1.285 r  triangle_inst/arg_inferred__3/i__carry/CO[3]
                         net (fo=1, routed)           0.000     1.285    triangle_inst/arg_inferred__3/i__carry_n_0
    SLICE_X32Y58         CARRY4 (Prop_carry4_CI_CO[3])
                                                      0.117     1.402 r  triangle_inst/arg_inferred__3/i__carry__0/CO[3]
                         net (fo=1, routed)           0.000     1.402    triangle_inst/arg_inferred__3/i__carry__0_n_0
    SLICE_X32Y59         CARRY4 (Prop_carry4_CI_CO[3])
                                                      0.117     1.519 r  triangle_inst/arg_inferred__3/i__carry__1/CO[3]
                         net (fo=1, routed)           0.000     1.519    triangle_inst/arg_inferred__3/i__carry__1_n_0
    SLICE_X32Y60         CARRY4 (Prop_carry4_CI_CO[3])
                                                      0.117     1.636 r  triangle_inst/arg_inferred__3/i__carry__2/CO[3]
                         net (fo=1, routed)           0.000     1.636    triangle_inst/arg_inferred__3/i__carry__2_n_0
    SLICE_X32Y61         CARRY4 (Prop_carry4_CI_CO[3])
                                                      0.117     1.753 r  triangle_inst/arg_inferred__3/i__carry__3/CO[3]
                         net (fo=1, routed)           0.000     1.753    triangle_inst/arg_inferred__3/i__carry__3_n_0
    SLICE_X32Y62         CARRY4 (Prop_carry4_CI_CO[3])
                                                      0.117     1.870 r  triangle_inst/arg_inferred__3/i__carry__4/CO[3]
                         net (fo=1, routed)           0.000     1.870    triangle_inst/arg_inferred__3/i__carry__4_n_0
    SLICE_X32Y63         CARRY4 (Prop_carry4_CI_CO[3])
                                                      0.117     1.987 r  triangle_inst/arg_inferred__3/i__carry__5/CO[3]
                         net (fo=1, routed)           0.000     1.987    triangle_inst/arg_inferred__3/i__carry__5_n_0
    SLICE_X32Y64         CARRY4 (Prop_carry4_CI_CO[3])
                                                      0.117     2.104 r  triangle_inst/arg_inferred__3/i__carry__6/CO[3]
                         net (fo=1, routed)           0.000     2.104    triangle_inst/arg_inferred__3/i__carry__6_n_0
    SLICE_X32Y65         CARRY4 (Prop_carry4_CI_CO[3])
                                                      0.117     2.221 r  triangle_inst/arg_inferred__3/i__carry__7/CO[3]
                         net (fo=1, routed)           0.000     2.221    triangle_inst/arg_inferred__3/i__carry__7_n_0
    SLICE_X32Y66         CARRY4 (Prop_carry4_CI_CO[3])
                                                      0.117     2.338 r  triangle_inst/arg_inferred__3/i__carry__8/CO[3]
                         net (fo=1, routed)           0.000     2.338    triangle_inst/arg_inferred__3/i__carry__8_n_0
    SLICE_X32Y67         CARRY4 (Prop_carry4_CI_CO[3])
                                                      0.117     2.455 r  triangle_inst/arg_inferred__3/i__carry__9/CO[3]
                         net (fo=1, routed)           0.000     2.455    triangle_inst/arg_inferred__3/i__carry__9_n_0
    SLICE_X32Y68         CARRY4 (Prop_carry4_CI_O[0])
                                                      0.219     2.674 r  triangle_inst/arg_inferred__3/i__carry__10/O[0]
                         net (fo=2, routed)           0.761     3.435    triangle_inst/resize[45]
    SLICE_X31Y68         LUT2 (Prop_lut2_I0_O)        0.295     3.730 r  triangle_inst/i___105_carry__10_i_3/O
                         net (fo=1, routed)           0.000     3.730    triangle_inst/i___105_carry__10_i_3_n_0
    SLICE_X31Y68         CARRY4 (Prop_carry4_S[1]_CO[3])
                                                      0.550     4.280 r  triangle_inst/arg_inferred__3/i___105_carry__10/CO[3]
                         net (fo=1, routed)           0.000     4.280    triangle_inst/arg_inferred__3/i___105_carry__10_n_0
    SLICE_X31Y69         CARRY4 (Prop_carry4_CI_CO[3])
                                                      0.114     4.394 r  triangle_inst/arg_inferred__3/i___105_carry__11/CO[3]
                         net (fo=1, routed)           0.000     4.394    triangle_inst/arg_inferred__3/i___105_carry__11_n_0
    SLICE_X31Y70         CARRY4 (Prop_carry4_CI_O[2])
                                                      0.239     4.633 r  triangle_inst/arg_inferred__3/i___105_carry__12/O[2]
                         net (fo=56, routed)          1.184     5.817    triangle_inst/to_sulv[0]
    SLICE_X30Y67         LUT3 (Prop_lut3_I2_O)        0.331     6.148 r  triangle_inst/s6[wa][28]_i_1/O
                         net (fo=55, routed)          1.511     7.659    triangle_inst/s6[wa][0]
    SLICE_X29Y59         FDSE                                         r  triangle_inst/s6_reg[wa][-17]/S
  -------------------------------------------------------------------    -------------------

                         (clock pixel_clk_clk_wiz_0 rise edge)
                                                     13.467    13.467 r  <hidden>
    K17                                               0.000    13.467 r  sys_clk
                         net (fo=0)                   0.000    13.467    clk_wiz_0_inst/inst/sys_clk
    K17                  IBUF (Prop_ibuf_I_O)         1.421    14.888 r  clk_wiz_0_inst/inst/clkin1_ibufg/O
                         net (fo=1, routed)           1.162    16.050    clk_wiz_0_inst/inst/sys_clk_clk_wiz_0
    MMCME2_ADV_X0Y1      MMCME2_ADV (Prop_mmcme2_adv_CLKIN1_CLKOUT0)
                                                     -7.105     8.945 r  clk_wiz_0_inst/inst/mmcm_adv_inst/CLKOUT0
                         net (fo=1, routed)           1.599    10.544    clk_wiz_0_inst/inst/pixel_clk_clk_wiz_0
    BUFGCTRL_X0Y16       BUFG (Prop_bufg_I_O)         0.091    10.635 r  clk_wiz_0_inst/inst/clkout1_buf/O
                         net (fo=2662, routed)        1.484    12.119    triangle_inst/pixel_clk
    SLICE_X29Y59         FDSE                                         r  triangle_inst/s6_reg[wa][-17]/C
                         clock pessimism              0.588    12.707    <hidden>
                         clock uncertainty           -0.125    12.582    <hidden>
    SLICE_X29Y59         FDSE (Setup_fdse_C_S)       -0.636    11.946    triangle_inst/s6_reg[wa][-17]
  -------------------------------------------------------------------
                         required time                         11.946    <hidden>
                         arrival time                          -7.659    <hidden>
  -------------------------------------------------------------------
                         slack                                  4.287    <hidden>

Slack (MET) :             4.287ns  (required time - arrival time)
  Source:                 triangle_inst/s5_reg[wb][4][1]/C
                            (rising edge-triggered cell FDRE clocked by pixel_clk_clk_wiz_0  {rise@0.000ns fall@6.733ns period=13.467ns})
  Destination:            triangle_inst/s6_reg[wa][-18]/S
                            (rising edge-triggered cell FDSE clocked by pixel_clk_clk_wiz_0  {rise@0.000ns fall@6.733ns period=13.467ns})
  Path Group:             pixel_clk_clk_wiz_0
  Path Type:              Setup (Max at Slow Process Corner)
  Requirement:            13.467ns  (pixel_clk_clk_wiz_0 rise@13.467ns - pixel_clk_clk_wiz_0 rise@0.000ns)
  Data Path Delay:        8.358ns  (logic 4.073ns (48.730%)  route 4.285ns (51.270%))
  Logic Levels:           18  (CARRY4=15 LUT1=1 LUT2=1 LUT3=1)
  Clock Path Skew:        -0.061ns (DCD - SCD + CPR)
    Destination Clock Delay (DCD):    -1.348ns = ( 12.119 - 13.467 ) 
    Source Clock Delay      (SCD):    -0.699ns
    Clock Pessimism Removal (CPR):    0.588ns
  Clock Uncertainty:      0.125ns  ((TSJ^2 + DJ^2)^1/2) / 2 + PE
    Total System Jitter     (TSJ):    0.071ns
    Discrete Jitter          (DJ):    0.240ns
    Phase Error              (PE):    0.000ns

    Location             Delay type                Incr(ns)  Path(ns)    Netlist Resource(s)
  -------------------------------------------------------------------    -------------------
                         (clock pixel_clk_clk_wiz_0 rise edge)
                                                      0.000     0.000 r  <hidden>
    K17                                               0.000     0.000 r  sys_clk
                         net (fo=0)                   0.000     0.000    clk_wiz_0_inst/inst/sys_clk
    K17                  IBUF (Prop_ibuf_I_O)         1.492     1.492 r  clk_wiz_0_inst/inst/clkin1_ibufg/O
                         net (fo=1, routed)           1.285     2.777    clk_wiz_0_inst/inst/sys_clk_clk_wiz_0
    MMCME2_ADV_X0Y1      MMCME2_ADV (Prop_mmcme2_adv_CLKIN1_CLKOUT0)
                                                     -6.996    -4.219 r  clk_wiz_0_inst/inst/mmcm_adv_inst/CLKOUT0
                         net (fo=1, routed)           1.760    -2.459    clk_wiz_0_inst/inst/pixel_clk_clk_wiz_0
    BUFGCTRL_X0Y16       BUFG (Prop_bufg_I_O)         0.101    -2.358 r  clk_wiz_0_inst/inst/clkout1_buf/O
                         net (fo=2662, routed)        1.659    -0.699    triangle_inst/pixel_clk
    SLICE_X34Y57         FDRE                                         r  triangle_inst/s5_reg[wb][4][1]/C
  -------------------------------------------------------------------    -------------------
    SLICE_X34Y57         FDRE (Prop_fdre_C_Q)         0.518    -0.181 f  triangle_inst/s5_reg[wb][4][1]/Q
                         net (fo=2, routed)           0.829     0.648    triangle_inst/s5_reg[wb][4]__0[-25]
    SLICE_X32Y57         LUT1 (Prop_lut1_I0_O)        0.124     0.772 r  triangle_inst/i__carry_i_5/O
                         net (fo=1, routed)           0.000     0.772    triangle_inst/p_0_in[1]
    SLICE_X32Y57         CARRY4 (Prop_carry4_S[0]_CO[3])
                                                      0.513     1.285 r  triangle_inst/arg_inferred__3/i__carry/CO[3]
                         net (fo=1, routed)           0.000     1.285    triangle_inst/arg_inferred__3/i__carry_n_0
    SLICE_X32Y58         CARRY4 (Prop_carry4_CI_CO[3])
                                                      0.117     1.402 r  triangle_inst/arg_inferred__3/i__carry__0/CO[3]
                         net (fo=1, routed)           0.000     1.402    triangle_inst/arg_inferred__3/i__carry__0_n_0
    SLICE_X32Y59         CARRY4 (Prop_carry4_CI_CO[3])
                                                      0.117     1.519 r  triangle_inst/arg_inferred__3/i__carry__1/CO[3]
                         net (fo=1, routed)           0.000     1.519    triangle_inst/arg_inferred__3/i__carry__1_n_0
    SLICE_X32Y60         CARRY4 (Prop_carry4_CI_CO[3])
                                                      0.117     1.636 r  triangle_inst/arg_inferred__3/i__carry__2/CO[3]
                         net (fo=1, routed)           0.000     1.636    triangle_inst/arg_inferred__3/i__carry__2_n_0
    SLICE_X32Y61         CARRY4 (Prop_carry4_CI_CO[3])
                                                      0.117     1.753 r  triangle_inst/arg_inferred__3/i__carry__3/CO[3]
                         net (fo=1, routed)           0.000     1.753    triangle_inst/arg_inferred__3/i__carry__3_n_0
    SLICE_X32Y62         CARRY4 (Prop_carry4_CI_CO[3])
                                                      0.117     1.870 r  triangle_inst/arg_inferred__3/i__carry__4/CO[3]
                         net (fo=1, routed)           0.000     1.870    triangle_inst/arg_inferred__3/i__carry__4_n_0
    SLICE_X32Y63         CARRY4 (Prop_carry4_CI_CO[3])
                                                      0.117     1.987 r  triangle_inst/arg_inferred__3/i__carry__5/CO[3]
                         net (fo=1, routed)           0.000     1.987    triangle_inst/arg_inferred__3/i__carry__5_n_0
    SLICE_X32Y64         CARRY4 (Prop_carry4_CI_CO[3])
                                                      0.117     2.104 r  triangle_inst/arg_inferred__3/i__carry__6/CO[3]
                         net (fo=1, routed)           0.000     2.104    triangle_inst/arg_inferred__3/i__carry__6_n_0
    SLICE_X32Y65         CARRY4 (Prop_carry4_CI_CO[3])
                                                      0.117     2.221 r  triangle_inst/arg_inferred__3/i__carry__7/CO[3]
                         net (fo=1, routed)           0.000     2.221    triangle_inst/arg_inferred__3/i__carry__7_n_0
    SLICE_X32Y66         CARRY4 (Prop_carry4_CI_CO[3])
                                                      0.117     2.338 r  triangle_inst/arg_inferred__3/i__carry__8/CO[3]
                         net (fo=1, routed)           0.000     2.338    triangle_inst/arg_inferred__3/i__carry__8_n_0
    SLICE_X32Y67         CARRY4 (Prop_carry4_CI_CO[3])
                                                      0.117     2.455 r  triangle_inst/arg_inferred__3/i__carry__9/CO[3]
                         net (fo=1, routed)           0.000     2.455    triangle_inst/arg_inferred__3/i__carry__9_n_0
    SLICE_X32Y68         CARRY4 (Prop_carry4_CI_O[0])
                                                      0.219     2.674 r  triangle_inst/arg_inferred__3/i__carry__10/O[0]
                         net (fo=2, routed)           0.761     3.435    triangle_inst/resize[45]
    SLICE_X31Y68         LUT2 (Prop_lut2_I0_O)        0.295     3.730 r  triangle_inst/i___105_carry__10_i_3/O
                         net (fo=1, routed)           0.000     3.730    triangle_inst/i___105_carry__10_i_3_n_0
    SLICE_X31Y68         CARRY4 (Prop_carry4_S[1]_CO[3])
                                                      0.550     4.280 r  triangle_inst/arg_inferred__3/i___105_carry__10/CO[3]
                         net (fo=1, routed)           0.000     4.280    triangle_inst/arg_inferred__3/i___105_carry__10_n_0
    SLICE_X31Y69         CARRY4 (Prop_carry4_CI_CO[3])
                                                      0.114     4.394 r  triangle_inst/arg_inferred__3/i___105_carry__11/CO[3]
                         net (fo=1, routed)           0.000     4.394    triangle_inst/arg_inferred__3/i___105_carry__11_n_0
    SLICE_X31Y70         CARRY4 (Prop_carry4_CI_O[2])
                                                      0.239     4.633 r  triangle_inst/arg_inferred__3/i___105_carry__12/O[2]
                         net (fo=56, routed)          1.184     5.817    triangle_inst/to_sulv[0]
    SLICE_X30Y67         LUT3 (Prop_lut3_I2_O)        0.331     6.148 r  triangle_inst/s6[wa][28]_i_1/O
                         net (fo=55, routed)          1.511     7.659    triangle_inst/s6[wa][0]
    SLICE_X29Y59         FDSE                                         r  triangle_inst/s6_reg[wa][-18]/S
  -------------------------------------------------------------------    -------------------

                         (clock pixel_clk_clk_wiz_0 rise edge)
                                                     13.467    13.467 r  <hidden>
    K17                                               0.000    13.467 r  sys_clk
                         net (fo=0)                   0.000    13.467    clk_wiz_0_inst/inst/sys_clk
    K17                  IBUF (Prop_ibuf_I_O)         1.421    14.888 r  clk_wiz_0_inst/inst/clkin1_ibufg/O
                         net (fo=1, routed)           1.162    16.050    clk_wiz_0_inst/inst/sys_clk_clk_wiz_0
    MMCME2_ADV_X0Y1      MMCME2_ADV (Prop_mmcme2_adv_CLKIN1_CLKOUT0)
                                                     -7.105     8.945 r  clk_wiz_0_inst/inst/mmcm_adv_inst/CLKOUT0
                         net (fo=1, routed)           1.599    10.544    clk_wiz_0_inst/inst/pixel_clk_clk_wiz_0
    BUFGCTRL_X0Y16       BUFG (Prop_bufg_I_O)         0.091    10.635 r  clk_wiz_0_inst/inst/clkout1_buf/O
                         net (fo=2662, routed)        1.484    12.119    triangle_inst/pixel_clk
    SLICE_X29Y59         FDSE                                         r  triangle_inst/s6_reg[wa][-18]/C
                         clock pessimism              0.588    12.707    <hidden>
                         clock uncertainty           -0.125    12.582    <hidden>
    SLICE_X29Y59         FDSE (Setup_fdse_C_S)       -0.636    11.946    triangle_inst/s6_reg[wa][-18]
  -------------------------------------------------------------------
                         required time                         11.946    <hidden>
                         arrival time                          -7.659    <hidden>
  -------------------------------------------------------------------
                         slack                                  4.287    <hidden>

Slack (MET) :             4.287ns  (required time - arrival time)
  Source:                 triangle_inst/s5_reg[wb][4][1]/C
                            (rising edge-triggered cell FDRE clocked by pixel_clk_clk_wiz_0  {rise@0.000ns fall@6.733ns period=13.467ns})
  Destination:            triangle_inst/s6_reg[wa][-21]/S
                            (rising edge-triggered cell FDSE clocked by pixel_clk_clk_wiz_0  {rise@0.000ns fall@6.733ns period=13.467ns})
  Path Group:             pixel_clk_clk_wiz_0
  Path Type:              Setup (Max at Slow Process Corner)
  Requirement:            13.467ns  (pixel_clk_clk_wiz_0 rise@13.467ns - pixel_clk_clk_wiz_0 rise@0.000ns)
  Data Path Delay:        8.358ns  (logic 4.073ns (48.730%)  route 4.285ns (51.270%))
  Logic Levels:           18  (CARRY4=15 LUT1=1 LUT2=1 LUT3=1)
  Clock Path Skew:        -0.061ns (DCD - SCD + CPR)
    Destination Clock Delay (DCD):    -1.348ns = ( 12.119 - 13.467 ) 
    Source Clock Delay      (SCD):    -0.699ns
    Clock Pessimism Removal (CPR):    0.588ns
  Clock Uncertainty:      0.125ns  ((TSJ^2 + DJ^2)^1/2) / 2 + PE
    Total System Jitter     (TSJ):    0.071ns
    Discrete Jitter          (DJ):    0.240ns
    Phase Error              (PE):    0.000ns

    Location             Delay type                Incr(ns)  Path(ns)    Netlist Resource(s)
  -------------------------------------------------------------------    -------------------
                         (clock pixel_clk_clk_wiz_0 rise edge)
                                                      0.000     0.000 r  <hidden>
    K17                                               0.000     0.000 r  sys_clk
                         net (fo=0)                   0.000     0.000    clk_wiz_0_inst/inst/sys_clk
    K17                  IBUF (Prop_ibuf_I_O)         1.492     1.492 r  clk_wiz_0_inst/inst/clkin1_ibufg/O
                         net (fo=1, routed)           1.285     2.777    clk_wiz_0_inst/inst/sys_clk_clk_wiz_0
    MMCME2_ADV_X0Y1      MMCME2_ADV (Prop_mmcme2_adv_CLKIN1_CLKOUT0)
                                                     -6.996    -4.219 r  clk_wiz_0_inst/inst/mmcm_adv_inst/CLKOUT0
                         net (fo=1, routed)           1.760    -2.459    clk_wiz_0_inst/inst/pixel_clk_clk_wiz_0
    BUFGCTRL_X0Y16       BUFG (Prop_bufg_I_O)         0.101    -2.358 r  clk_wiz_0_inst/inst/clkout1_buf/O
                         net (fo=2662, routed)        1.659    -0.699    triangle_inst/pixel_clk
    SLICE_X34Y57         FDRE                                         r  triangle_inst/s5_reg[wb][4][1]/C
  -------------------------------------------------------------------    -------------------
    SLICE_X34Y57         FDRE (Prop_fdre_C_Q)         0.518    -0.181 f  triangle_inst/s5_reg[wb][4][1]/Q
                         net (fo=2, routed)           0.829     0.648    triangle_inst/s5_reg[wb][4]__0[-25]
    SLICE_X32Y57         LUT1 (Prop_lut1_I0_O)        0.124     0.772 r  triangle_inst/i__carry_i_5/O
                         net (fo=1, routed)           0.000     0.772    triangle_inst/p_0_in[1]
    SLICE_X32Y57         CARRY4 (Prop_carry4_S[0]_CO[3])
                                                      0.513     1.285 r  triangle_inst/arg_inferred__3/i__carry/CO[3]
                         net (fo=1, routed)           0.000     1.285    triangle_inst/arg_inferred__3/i__carry_n_0
    SLICE_X32Y58         CARRY4 (Prop_carry4_CI_CO[3])
                                                      0.117     1.402 r  triangle_inst/arg_inferred__3/i__carry__0/CO[3]
                         net (fo=1, routed)           0.000     1.402    triangle_inst/arg_inferred__3/i__carry__0_n_0
    SLICE_X32Y59         CARRY4 (Prop_carry4_CI_CO[3])
                                                      0.117     1.519 r  triangle_inst/arg_inferred__3/i__carry__1/CO[3]
                         net (fo=1, routed)           0.000     1.519    triangle_inst/arg_inferred__3/i__carry__1_n_0
    SLICE_X32Y60         CARRY4 (Prop_carry4_CI_CO[3])
                                                      0.117     1.636 r  triangle_inst/arg_inferred__3/i__carry__2/CO[3]
                         net (fo=1, routed)           0.000     1.636    triangle_inst/arg_inferred__3/i__carry__2_n_0
    SLICE_X32Y61         CARRY4 (Prop_carry4_CI_CO[3])
                                                      0.117     1.753 r  triangle_inst/arg_inferred__3/i__carry__3/CO[3]
                         net (fo=1, routed)           0.000     1.753    triangle_inst/arg_inferred__3/i__carry__3_n_0
    SLICE_X32Y62         CARRY4 (Prop_carry4_CI_CO[3])
                                                      0.117     1.870 r  triangle_inst/arg_inferred__3/i__carry__4/CO[3]
                         net (fo=1, routed)           0.000     1.870    triangle_inst/arg_inferred__3/i__carry__4_n_0
    SLICE_X32Y63         CARRY4 (Prop_carry4_CI_CO[3])
                                                      0.117     1.987 r  triangle_inst/arg_inferred__3/i__carry__5/CO[3]
                         net (fo=1, routed)           0.000     1.987    triangle_inst/arg_inferred__3/i__carry__5_n_0
    SLICE_X32Y64         CARRY4 (Prop_carry4_CI_CO[3])
                                                      0.117     2.104 r  triangle_inst/arg_inferred__3/i__carry__6/CO[3]
                         net (fo=1, routed)           0.000     2.104    triangle_inst/arg_inferred__3/i__carry__6_n_0
    SLICE_X32Y65         CARRY4 (Prop_carry4_CI_CO[3])
                                                      0.117     2.221 r  triangle_inst/arg_inferred__3/i__carry__7/CO[3]
                         net (fo=1, routed)           0.000     2.221    triangle_inst/arg_inferred__3/i__carry__7_n_0
    SLICE_X32Y66         CARRY4 (Prop_carry4_CI_CO[3])
                                                      0.117     2.338 r  triangle_inst/arg_inferred__3/i__carry__8/CO[3]
                         net (fo=1, routed)           0.000     2.338    triangle_inst/arg_inferred__3/i__carry__8_n_0
    SLICE_X32Y67         CARRY4 (Prop_carry4_CI_CO[3])
                                                      0.117     2.455 r  triangle_inst/arg_inferred__3/i__carry__9/CO[3]
                         net (fo=1, routed)           0.000     2.455    triangle_inst/arg_inferred__3/i__carry__9_n_0
    SLICE_X32Y68         CARRY4 (Prop_carry4_CI_O[0])
                                                      0.219     2.674 r  triangle_inst/arg_inferred__3/i__carry__10/O[0]
                         net (fo=2, routed)           0.761     3.435    triangle_inst/resize[45]
    SLICE_X31Y68         LUT2 (Prop_lut2_I0_O)        0.295     3.730 r  triangle_inst/i___105_carry__10_i_3/O
                         net (fo=1, routed)           0.000     3.730    triangle_inst/i___105_carry__10_i_3_n_0
    SLICE_X31Y68         CARRY4 (Prop_carry4_S[1]_CO[3])
                                                      0.550     4.280 r  triangle_inst/arg_inferred__3/i___105_carry__10/CO[3]
                         net (fo=1, routed)           0.000     4.280    triangle_inst/arg_inferred__3/i___105_carry__10_n_0
    SLICE_X31Y69         CARRY4 (Prop_carry4_CI_CO[3])
                                                      0.114     4.394 r  triangle_inst/arg_inferred__3/i___105_carry__11/CO[3]
                         net (fo=1, routed)           0.000     4.394    triangle_inst/arg_inferred__3/i___105_carry__11_n_0
    SLICE_X31Y70         CARRY4 (Prop_carry4_CI_O[2])
                                                      0.239     4.633 r  triangle_inst/arg_inferred__3/i___105_carry__12/O[2]
                         net (fo=56, routed)          1.184     5.817    triangle_inst/to_sulv[0]
    SLICE_X30Y67         LUT3 (Prop_lut3_I2_O)        0.331     6.148 r  triangle_inst/s6[wa][28]_i_1/O
                         net (fo=55, routed)          1.511     7.659    triangle_inst/s6[wa][0]
    SLICE_X29Y59         FDSE                                         r  triangle_inst/s6_reg[wa][-21]/S
  -------------------------------------------------------------------    -------------------

                         (clock pixel_clk_clk_wiz_0 rise edge)
                                                     13.467    13.467 r  <hidden>
    K17                                               0.000    13.467 r  sys_clk
                         net (fo=0)                   0.000    13.467    clk_wiz_0_inst/inst/sys_clk
    K17                  IBUF (Prop_ibuf_I_O)         1.421    14.888 r  clk_wiz_0_inst/inst/clkin1_ibufg/O
                         net (fo=1, routed)           1.162    16.050    clk_wiz_0_inst/inst/sys_clk_clk_wiz_0
    MMCME2_ADV_X0Y1      MMCME2_ADV (Prop_mmcme2_adv_CLKIN1_CLKOUT0)
                                                     -7.105     8.945 r  clk_wiz_0_inst/inst/mmcm_adv_inst/CLKOUT0
                         net (fo=1, routed)           1.599    10.544    clk_wiz_0_inst/inst/pixel_clk_clk_wiz_0
    BUFGCTRL_X0Y16       BUFG (Prop_bufg_I_O)         0.091    10.635 r  clk_wiz_0_inst/inst/clkout1_buf/O
                         net (fo=2662, routed)        1.484    12.119    triangle_inst/pixel_clk
    SLICE_X29Y59         FDSE                                         r  triangle_inst/s6_reg[wa][-21]/C
                         clock pessimism              0.588    12.707    <hidden>
                         clock uncertainty           -0.125    12.582    <hidden>
    SLICE_X29Y59         FDSE (Setup_fdse_C_S)       -0.636    11.946    triangle_inst/s6_reg[wa][-21]
  -------------------------------------------------------------------
                         required time                         11.946    <hidden>
                         arrival time                          -7.659    <hidden>
  -------------------------------------------------------------------
                         slack                                  4.287    <hidden>

Slack (MET) :             4.287ns  (required time - arrival time)
  Source:                 triangle_inst/s5_reg[wb][4][1]/C
                            (rising edge-triggered cell FDRE clocked by pixel_clk_clk_wiz_0  {rise@0.000ns fall@6.733ns period=13.467ns})
  Destination:            triangle_inst/s6_reg[wa][-22]/S
                            (rising edge-triggered cell FDSE clocked by pixel_clk_clk_wiz_0  {rise@0.000ns fall@6.733ns period=13.467ns})
  Path Group:             pixel_clk_clk_wiz_0
  Path Type:              Setup (Max at Slow Process Corner)
  Requirement:            13.467ns  (pixel_clk_clk_wiz_0 rise@13.467ns - pixel_clk_clk_wiz_0 rise@0.000ns)
  Data Path Delay:        8.358ns  (logic 4.073ns (48.730%)  route 4.285ns (51.270%))
  Logic Levels:           18  (CARRY4=15 LUT1=1 LUT2=1 LUT3=1)
  Clock Path Skew:        -0.061ns (DCD - SCD + CPR)
    Destination Clock Delay (DCD):    -1.348ns = ( 12.119 - 13.467 ) 
    Source Clock Delay      (SCD):    -0.699ns
    Clock Pessimism Removal (CPR):    0.588ns
  Clock Uncertainty:      0.125ns  ((TSJ^2 + DJ^2)^1/2) / 2 + PE
    Total System Jitter     (TSJ):    0.071ns
    Discrete Jitter          (DJ):    0.240ns
    Phase Error              (PE):    0.000ns

    Location             Delay type                Incr(ns)  Path(ns)    Netlist Resource(s)
  -------------------------------------------------------------------    -------------------
                         (clock pixel_clk_clk_wiz_0 rise edge)
                                                      0.000     0.000 r  <hidden>
    K17                                               0.000     0.000 r  sys_clk
                         net (fo=0)                   0.000     0.000    clk_wiz_0_inst/inst/sys_clk
    K17                  IBUF (Prop_ibuf_I_O)         1.492     1.492 r  clk_wiz_0_inst/inst/clkin1_ibufg/O
                         net (fo=1, routed)           1.285     2.777    clk_wiz_0_inst/inst/sys_clk_clk_wiz_0
    MMCME2_ADV_X0Y1      MMCME2_ADV (Prop_mmcme2_adv_CLKIN1_CLKOUT0)
                                                     -6.996    -4.219 r  clk_wiz_0_inst/inst/mmcm_adv_inst/CLKOUT0
                         net (fo=1, routed)           1.760    -2.459    clk_wiz_0_inst/inst/pixel_clk_clk_wiz_0
    BUFGCTRL_X0Y16       BUFG (Prop_bufg_I_O)         0.101    -2.358 r  clk_wiz_0_inst/inst/clkout1_buf/O
                         net (fo=2662, routed)        1.659    -0.699    triangle_inst/pixel_clk
    SLICE_X34Y57         FDRE                                         r  triangle_inst/s5_reg[wb][4][1]/C
  -------------------------------------------------------------------    -------------------
    SLICE_X34Y57         FDRE (Prop_fdre_C_Q)         0.518    -0.181 f  triangle_inst/s5_reg[wb][4][1]/Q
                         net (fo=2, routed)           0.829     0.648    triangle_inst/s5_reg[wb][4]__0[-25]
    SLICE_X32Y57         LUT1 (Prop_lut1_I0_O)        0.124     0.772 r  triangle_inst/i__carry_i_5/O
                         net (fo=1, routed)           0.000     0.772    triangle_inst/p_0_in[1]
    SLICE_X32Y57         CARRY4 (Prop_carry4_S[0]_CO[3])
                                                      0.513     1.285 r  triangle_inst/arg_inferred__3/i__carry/CO[3]
                         net (fo=1, routed)           0.000     1.285    triangle_inst/arg_inferred__3/i__carry_n_0
    SLICE_X32Y58         CARRY4 (Prop_carry4_CI_CO[3])
                                                      0.117     1.402 r  triangle_inst/arg_inferred__3/i__carry__0/CO[3]
                         net (fo=1, routed)           0.000     1.402    triangle_inst/arg_inferred__3/i__carry__0_n_0
    SLICE_X32Y59         CARRY4 (Prop_carry4_CI_CO[3])
                                                      0.117     1.519 r  triangle_inst/arg_inferred__3/i__carry__1/CO[3]
                         net (fo=1, routed)           0.000     1.519    triangle_inst/arg_inferred__3/i__carry__1_n_0
    SLICE_X32Y60         CARRY4 (Prop_carry4_CI_CO[3])
                                                      0.117     1.636 r  triangle_inst/arg_inferred__3/i__carry__2/CO[3]
                         net (fo=1, routed)           0.000     1.636    triangle_inst/arg_inferred__3/i__carry__2_n_0
    SLICE_X32Y61         CARRY4 (Prop_carry4_CI_CO[3])
                                                      0.117     1.753 r  triangle_inst/arg_inferred__3/i__carry__3/CO[3]
                         net (fo=1, routed)           0.000     1.753    triangle_inst/arg_inferred__3/i__carry__3_n_0
    SLICE_X32Y62         CARRY4 (Prop_carry4_CI_CO[3])
                                                      0.117     1.870 r  triangle_inst/arg_inferred__3/i__carry__4/CO[3]
                         net (fo=1, routed)           0.000     1.870    triangle_inst/arg_inferred__3/i__carry__4_n_0
    SLICE_X32Y63         CARRY4 (Prop_carry4_CI_CO[3])
                                                      0.117     1.987 r  triangle_inst/arg_inferred__3/i__carry__5/CO[3]
                         net (fo=1, routed)           0.000     1.987    triangle_inst/arg_inferred__3/i__carry__5_n_0
    SLICE_X32Y64         CARRY4 (Prop_carry4_CI_CO[3])
                                                      0.117     2.104 r  triangle_inst/arg_inferred__3/i__carry__6/CO[3]
                         net (fo=1, routed)           0.000     2.104    triangle_inst/arg_inferred__3/i__carry__6_n_0
    SLICE_X32Y65         CARRY4 (Prop_carry4_CI_CO[3])
                                                      0.117     2.221 r  triangle_inst/arg_inferred__3/i__carry__7/CO[3]
                         net (fo=1, routed)           0.000     2.221    triangle_inst/arg_inferred__3/i__carry__7_n_0
    SLICE_X32Y66         CARRY4 (Prop_carry4_CI_CO[3])
                                                      0.117     2.338 r  triangle_inst/arg_inferred__3/i__carry__8/CO[3]
                         net (fo=1, routed)           0.000     2.338    triangle_inst/arg_inferred__3/i__carry__8_n_0
    SLICE_X32Y67         CARRY4 (Prop_carry4_CI_CO[3])
                                                      0.117     2.455 r  triangle_inst/arg_inferred__3/i__carry__9/CO[3]
                         net (fo=1, routed)           0.000     2.455    triangle_inst/arg_inferred__3/i__carry__9_n_0
    SLICE_X32Y68         CARRY4 (Prop_carry4_CI_O[0])
                                                      0.219     2.674 r  triangle_inst/arg_inferred__3/i__carry__10/O[0]
                         net (fo=2, routed)           0.761     3.435    triangle_inst/resize[45]
    SLICE_X31Y68         LUT2 (Prop_lut2_I0_O)        0.295     3.730 r  triangle_inst/i___105_carry__10_i_3/O
                         net (fo=1, routed)           0.000     3.730    triangle_inst/i___105_carry__10_i_3_n_0
    SLICE_X31Y68         CARRY4 (Prop_carry4_S[1]_CO[3])
                                                      0.550     4.280 r  triangle_inst/arg_inferred__3/i___105_carry__10/CO[3]
                         net (fo=1, routed)           0.000     4.280    triangle_inst/arg_inferred__3/i___105_carry__10_n_0
    SLICE_X31Y69         CARRY4 (Prop_carry4_CI_CO[3])
                                                      0.114     4.394 r  triangle_inst/arg_inferred__3/i___105_carry__11/CO[3]
                         net (fo=1, routed)           0.000     4.394    triangle_inst/arg_inferred__3/i___105_carry__11_n_0
    SLICE_X31Y70         CARRY4 (Prop_carry4_CI_O[2])
                                                      0.239     4.633 r  triangle_inst/arg_inferred__3/i___105_carry__12/O[2]
                         net (fo=56, routed)          1.184     5.817    triangle_inst/to_sulv[0]
    SLICE_X30Y67         LUT3 (Prop_lut3_I2_O)        0.331     6.148 r  triangle_inst/s6[wa][28]_i_1/O
                         net (fo=55, routed)          1.511     7.659    triangle_inst/s6[wa][0]
    SLICE_X29Y59         FDSE                                         r  triangle_inst/s6_reg[wa][-22]/S
  -------------------------------------------------------------------    -------------------

                         (clock pixel_clk_clk_wiz_0 rise edge)
                                                     13.467    13.467 r  <hidden>
    K17                                               0.000    13.467 r  sys_clk
                         net (fo=0)                   0.000    13.467    clk_wiz_0_inst/inst/sys_clk
    K17                  IBUF (Prop_ibuf_I_O)         1.421    14.888 r  clk_wiz_0_inst/inst/clkin1_ibufg/O
                         net (fo=1, routed)           1.162    16.050    clk_wiz_0_inst/inst/sys_clk_clk_wiz_0
    MMCME2_ADV_X0Y1      MMCME2_ADV (Prop_mmcme2_adv_CLKIN1_CLKOUT0)
                                                     -7.105     8.945 r  clk_wiz_0_inst/inst/mmcm_adv_inst/CLKOUT0
                         net (fo=1, routed)           1.599    10.544    clk_wiz_0_inst/inst/pixel_clk_clk_wiz_0
    BUFGCTRL_X0Y16       BUFG (Prop_bufg_I_O)         0.091    10.635 r  clk_wiz_0_inst/inst/clkout1_buf/O
                         net (fo=2662, routed)        1.484    12.119    triangle_inst/pixel_clk
    SLICE_X29Y59         FDSE                                         r  triangle_inst/s6_reg[wa][-22]/C
                         clock pessimism              0.588    12.707    <hidden>
                         clock uncertainty           -0.125    12.582    <hidden>
    SLICE_X29Y59         FDSE (Setup_fdse_C_S)       -0.636    11.946    triangle_inst/s6_reg[wa][-22]
  -------------------------------------------------------------------
                         required time                         11.946    <hidden>
                         arrival time                          -7.659    <hidden>
  -------------------------------------------------------------------
                         slack                                  4.287    <hidden>

Slack (MET) :             4.287ns  (required time - arrival time)
  Source:                 triangle_inst/s5_reg[wb][4][1]/C
                            (rising edge-triggered cell FDRE clocked by pixel_clk_clk_wiz_0  {rise@0.000ns fall@6.733ns period=13.467ns})
  Destination:            triangle_inst/s6_reg[wa][-25]/S
                            (rising edge-triggered cell FDSE clocked by pixel_clk_clk_wiz_0  {rise@0.000ns fall@6.733ns period=13.467ns})
  Path Group:             pixel_clk_clk_wiz_0
  Path Type:              Setup (Max at Slow Process Corner)
  Requirement:            13.467ns  (pixel_clk_clk_wiz_0 rise@13.467ns - pixel_clk_clk_wiz_0 rise@0.000ns)
  Data Path Delay:        8.358ns  (logic 4.073ns (48.730%)  route 4.285ns (51.270%))
  Logic Levels:           18  (CARRY4=15 LUT1=1 LUT2=1 LUT3=1)
  Clock Path Skew:        -0.061ns (DCD - SCD + CPR)
    Destination Clock Delay (DCD):    -1.348ns = ( 12.119 - 13.467 ) 
    Source Clock Delay      (SCD):    -0.699ns
    Clock Pessimism Removal (CPR):    0.588ns
  Clock Uncertainty:      0.125ns  ((TSJ^2 + DJ^2)^1/2) / 2 + PE
    Total System Jitter     (TSJ):    0.071ns
    Discrete Jitter          (DJ):    0.240ns
    Phase Error              (PE):    0.000ns

    Location             Delay type                Incr(ns)  Path(ns)    Netlist Resource(s)
  -------------------------------------------------------------------    -------------------
                         (clock pixel_clk_clk_wiz_0 rise edge)
                                                      0.000     0.000 r  <hidden>
    K17                                               0.000     0.000 r  sys_clk
                         net (fo=0)                   0.000     0.000    clk_wiz_0_inst/inst/sys_clk
    K17                  IBUF (Prop_ibuf_I_O)         1.492     1.492 r  clk_wiz_0_inst/inst/clkin1_ibufg/O
                         net (fo=1, routed)           1.285     2.777    clk_wiz_0_inst/inst/sys_clk_clk_wiz_0
    MMCME2_ADV_X0Y1      MMCME2_ADV (Prop_mmcme2_adv_CLKIN1_CLKOUT0)
                                                     -6.996    -4.219 r  clk_wiz_0_inst/inst/mmcm_adv_inst/CLKOUT0
                         net (fo=1, routed)           1.760    -2.459    clk_wiz_0_inst/inst/pixel_clk_clk_wiz_0
    BUFGCTRL_X0Y16       BUFG (Prop_bufg_I_O)         0.101    -2.358 r  clk_wiz_0_inst/inst/clkout1_buf/O
                         net (fo=2662, routed)        1.659    -0.699    triangle_inst/pixel_clk
    SLICE_X34Y57         FDRE                                         r  triangle_inst/s5_reg[wb][4][1]/C
  -------------------------------------------------------------------    -------------------
    SLICE_X34Y57         FDRE (Prop_fdre_C_Q)         0.518    -0.181 f  triangle_inst/s5_reg[wb][4][1]/Q
                         net (fo=2, routed)           0.829     0.648    triangle_inst/s5_reg[wb][4]__0[-25]
    SLICE_X32Y57         LUT1 (Prop_lut1_I0_O)        0.124     0.772 r  triangle_inst/i__carry_i_5/O
                         net (fo=1, routed)           0.000     0.772    triangle_inst/p_0_in[1]
    SLICE_X32Y57         CARRY4 (Prop_carry4_S[0]_CO[3])
                                                      0.513     1.285 r  triangle_inst/arg_inferred__3/i__carry/CO[3]
                         net (fo=1, routed)           0.000     1.285    triangle_inst/arg_inferred__3/i__carry_n_0
    SLICE_X32Y58         CARRY4 (Prop_carry4_CI_CO[3])
                                                      0.117     1.402 r  triangle_inst/arg_inferred__3/i__carry__0/CO[3]
                         net (fo=1, routed)           0.000     1.402    triangle_inst/arg_inferred__3/i__carry__0_n_0
    SLICE_X32Y59         CARRY4 (Prop_carry4_CI_CO[3])
                                                      0.117     1.519 r  triangle_inst/arg_inferred__3/i__carry__1/CO[3]
                         net (fo=1, routed)           0.000     1.519    triangle_inst/arg_inferred__3/i__carry__1_n_0
    SLICE_X32Y60         CARRY4 (Prop_carry4_CI_CO[3])
                                                      0.117     1.636 r  triangle_inst/arg_inferred__3/i__carry__2/CO[3]
                         net (fo=1, routed)           0.000     1.636    triangle_inst/arg_inferred__3/i__carry__2_n_0
    SLICE_X32Y61         CARRY4 (Prop_carry4_CI_CO[3])
                                                      0.117     1.753 r  triangle_inst/arg_inferred__3/i__carry__3/CO[3]
                         net (fo=1, routed)           0.000     1.753    triangle_inst/arg_inferred__3/i__carry__3_n_0
    SLICE_X32Y62         CARRY4 (Prop_carry4_CI_CO[3])
                                                      0.117     1.870 r  triangle_inst/arg_inferred__3/i__carry__4/CO[3]
                         net (fo=1, routed)           0.000     1.870    triangle_inst/arg_inferred__3/i__carry__4_n_0
    SLICE_X32Y63         CARRY4 (Prop_carry4_CI_CO[3])
                                                      0.117     1.987 r  triangle_inst/arg_inferred__3/i__carry__5/CO[3]
                         net (fo=1, routed)           0.000     1.987    triangle_inst/arg_inferred__3/i__carry__5_n_0
    SLICE_X32Y64         CARRY4 (Prop_carry4_CI_CO[3])
                                                      0.117     2.104 r  triangle_inst/arg_inferred__3/i__carry__6/CO[3]
                         net (fo=1, routed)           0.000     2.104    triangle_inst/arg_inferred__3/i__carry__6_n_0
    SLICE_X32Y65         CARRY4 (Prop_carry4_CI_CO[3])
                                                      0.117     2.221 r  triangle_inst/arg_inferred__3/i__carry__7/CO[3]
                         net (fo=1, routed)           0.000     2.221    triangle_inst/arg_inferred__3/i__carry__7_n_0
    SLICE_X32Y66         CARRY4 (Prop_carry4_CI_CO[3])
                                                      0.117     2.338 r  triangle_inst/arg_inferred__3/i__carry__8/CO[3]
                         net (fo=1, routed)           0.000     2.338    triangle_inst/arg_inferred__3/i__carry__8_n_0
    SLICE_X32Y67         CARRY4 (Prop_carry4_CI_CO[3])
                                                      0.117     2.455 r  triangle_inst/arg_inferred__3/i__carry__9/CO[3]
                         net (fo=1, routed)           0.000     2.455    triangle_inst/arg_inferred__3/i__carry__9_n_0
    SLICE_X32Y68         CARRY4 (Prop_carry4_CI_O[0])
                                                      0.219     2.674 r  triangle_inst/arg_inferred__3/i__carry__10/O[0]
                         net (fo=2, routed)           0.761     3.435    triangle_inst/resize[45]
    SLICE_X31Y68         LUT2 (Prop_lut2_I0_O)        0.295     3.730 r  triangle_inst/i___105_carry__10_i_3/O
                         net (fo=1, routed)           0.000     3.730    triangle_inst/i___105_carry__10_i_3_n_0
    SLICE_X31Y68         CARRY4 (Prop_carry4_S[1]_CO[3])
                                                      0.550     4.280 r  triangle_inst/arg_inferred__3/i___105_carry__10/CO[3]
                         net (fo=1, routed)           0.000     4.280    triangle_inst/arg_inferred__3/i___105_carry__10_n_0
    SLICE_X31Y69         CARRY4 (Prop_carry4_CI_CO[3])
                                                      0.114     4.394 r  triangle_inst/arg_inferred__3/i___105_carry__11/CO[3]
                         net (fo=1, routed)           0.000     4.394    triangle_inst/arg_inferred__3/i___105_carry__11_n_0
    SLICE_X31Y70         CARRY4 (Prop_carry4_CI_O[2])
                                                      0.239     4.633 r  triangle_inst/arg_inferred__3/i___105_carry__12/O[2]
                         net (fo=56, routed)          1.184     5.817    triangle_inst/to_sulv[0]
    SLICE_X30Y67         LUT3 (Prop_lut3_I2_O)        0.331     6.148 r  triangle_inst/s6[wa][28]_i_1/O
                         net (fo=55, routed)          1.511     7.659    triangle_inst/s6[wa][0]
    SLICE_X29Y59         FDSE                                         r  triangle_inst/s6_reg[wa][-25]/S
  -------------------------------------------------------------------    -------------------

                         (clock pixel_clk_clk_wiz_0 rise edge)
                                                     13.467    13.467 r  <hidden>
    K17                                               0.000    13.467 r  sys_clk
                         net (fo=0)                   0.000    13.467    clk_wiz_0_inst/inst/sys_clk
    K17                  IBUF (Prop_ibuf_I_O)         1.421    14.888 r  clk_wiz_0_inst/inst/clkin1_ibufg/O
                         net (fo=1, routed)           1.162    16.050    clk_wiz_0_inst/inst/sys_clk_clk_wiz_0
    MMCME2_ADV_X0Y1      MMCME2_ADV (Prop_mmcme2_adv_CLKIN1_CLKOUT0)
                                                     -7.105     8.945 r  clk_wiz_0_inst/inst/mmcm_adv_inst/CLKOUT0
                         net (fo=1, routed)           1.599    10.544    clk_wiz_0_inst/inst/pixel_clk_clk_wiz_0
    BUFGCTRL_X0Y16       BUFG (Prop_bufg_I_O)         0.091    10.635 r  clk_wiz_0_inst/inst/clkout1_buf/O
                         net (fo=2662, routed)        1.484    12.119    triangle_inst/pixel_clk
    SLICE_X29Y59         FDSE                                         r  triangle_inst/s6_reg[wa][-25]/C
                         clock pessimism              0.588    12.707    <hidden>
                         clock uncertainty           -0.125    12.582    <hidden>
    SLICE_X29Y59         FDSE (Setup_fdse_C_S)       -0.636    11.946    triangle_inst/s6_reg[wa][-25]
  -------------------------------------------------------------------
                         required time                         11.946    <hidden>
                         arrival time                          -7.659    <hidden>
  -------------------------------------------------------------------
                         slack                                  4.287    <hidden>

Slack (MET) :             4.287ns  (required time - arrival time)
  Source:                 triangle_inst/s5_reg[wb][4][1]/C
                            (rising edge-triggered cell FDRE clocked by pixel_clk_clk_wiz_0  {rise@0.000ns fall@6.733ns period=13.467ns})
  Destination:            triangle_inst/s6_reg[wa][-26]/S
                            (rising edge-triggered cell FDSE clocked by pixel_clk_clk_wiz_0  {rise@0.000ns fall@6.733ns period=13.467ns})
  Path Group:             pixel_clk_clk_wiz_0
  Path Type:              Setup (Max at Slow Process Corner)
  Requirement:            13.467ns  (pixel_clk_clk_wiz_0 rise@13.467ns - pixel_clk_clk_wiz_0 rise@0.000ns)
  Data Path Delay:        8.358ns  (logic 4.073ns (48.730%)  route 4.285ns (51.270%))
  Logic Levels:           18  (CARRY4=15 LUT1=1 LUT2=1 LUT3=1)
  Clock Path Skew:        -0.061ns (DCD - SCD + CPR)
    Destination Clock Delay (DCD):    -1.348ns = ( 12.119 - 13.467 ) 
    Source Clock Delay      (SCD):    -0.699ns
    Clock Pessimism Removal (CPR):    0.588ns
  Clock Uncertainty:      0.125ns  ((TSJ^2 + DJ^2)^1/2) / 2 + PE
    Total System Jitter     (TSJ):    0.071ns
    Discrete Jitter          (DJ):    0.240ns
    Phase Error              (PE):    0.000ns

    Location             Delay type                Incr(ns)  Path(ns)    Netlist Resource(s)
  -------------------------------------------------------------------    -------------------
                         (clock pixel_clk_clk_wiz_0 rise edge)
                                                      0.000     0.000 r  <hidden>
    K17                                               0.000     0.000 r  sys_clk
                         net (fo=0)                   0.000     0.000    clk_wiz_0_inst/inst/sys_clk
    K17                  IBUF (Prop_ibuf_I_O)         1.492     1.492 r  clk_wiz_0_inst/inst/clkin1_ibufg/O
                         net (fo=1, routed)           1.285     2.777    clk_wiz_0_inst/inst/sys_clk_clk_wiz_0
    MMCME2_ADV_X0Y1      MMCME2_ADV (Prop_mmcme2_adv_CLKIN1_CLKOUT0)
                                                     -6.996    -4.219 r  clk_wiz_0_inst/inst/mmcm_adv_inst/CLKOUT0
                         net (fo=1, routed)           1.760    -2.459    clk_wiz_0_inst/inst/pixel_clk_clk_wiz_0
    BUFGCTRL_X0Y16       BUFG (Prop_bufg_I_O)         0.101    -2.358 r  clk_wiz_0_inst/inst/clkout1_buf/O
                         net (fo=2662, routed)        1.659    -0.699    triangle_inst/pixel_clk
    SLICE_X34Y57         FDRE                                         r  triangle_inst/s5_reg[wb][4][1]/C
  -------------------------------------------------------------------    -------------------
    SLICE_X34Y57         FDRE (Prop_fdre_C_Q)         0.518    -0.181 f  triangle_inst/s5_reg[wb][4][1]/Q
                         net (fo=2, routed)           0.829     0.648    triangle_inst/s5_reg[wb][4]__0[-25]
    SLICE_X32Y57         LUT1 (Prop_lut1_I0_O)        0.124     0.772 r  triangle_inst/i__carry_i_5/O
                         net (fo=1, routed)           0.000     0.772    triangle_inst/p_0_in[1]
    SLICE_X32Y57         CARRY4 (Prop_carry4_S[0]_CO[3])
                                                      0.513     1.285 r  triangle_inst/arg_inferred__3/i__carry/CO[3]
                         net (fo=1, routed)           0.000     1.285    triangle_inst/arg_inferred__3/i__carry_n_0
    SLICE_X32Y58         CARRY4 (Prop_carry4_CI_CO[3])
                                                      0.117     1.402 r  triangle_inst/arg_inferred__3/i__carry__0/CO[3]
                         net (fo=1, routed)           0.000     1.402    triangle_inst/arg_inferred__3/i__carry__0_n_0
    SLICE_X32Y59         CARRY4 (Prop_carry4_CI_CO[3])
                                                      0.117     1.519 r  triangle_inst/arg_inferred__3/i__carry__1/CO[3]
                         net (fo=1, routed)           0.000     1.519    triangle_inst/arg_inferred__3/i__carry__1_n_0
    SLICE_X32Y60         CARRY4 (Prop_carry4_CI_CO[3])
                                                      0.117     1.636 r  triangle_inst/arg_inferred__3/i__carry__2/CO[3]
                         net (fo=1, routed)           0.000     1.636    triangle_inst/arg_inferred__3/i__carry__2_n_0
    SLICE_X32Y61         CARRY4 (Prop_carry4_CI_CO[3])
                                                      0.117     1.753 r  triangle_inst/arg_inferred__3/i__carry__3/CO[3]
                         net (fo=1, routed)           0.000     1.753    triangle_inst/arg_inferred__3/i__carry__3_n_0
    SLICE_X32Y62         CARRY4 (Prop_carry4_CI_CO[3])
                                                      0.117     1.870 r  triangle_inst/arg_inferred__3/i__carry__4/CO[3]
                         net (fo=1, routed)           0.000     1.870    triangle_inst/arg_inferred__3/i__carry__4_n_0
    SLICE_X32Y63         CARRY4 (Prop_carry4_CI_CO[3])
                                                      0.117     1.987 r  triangle_inst/arg_inferred__3/i__carry__5/CO[3]
                         net (fo=1, routed)           0.000     1.987    triangle_inst/arg_inferred__3/i__carry__5_n_0
    SLICE_X32Y64         CARRY4 (Prop_carry4_CI_CO[3])
                                                      0.117     2.104 r  triangle_inst/arg_inferred__3/i__carry__6/CO[3]
                         net (fo=1, routed)           0.000     2.104    triangle_inst/arg_inferred__3/i__carry__6_n_0
    SLICE_X32Y65         CARRY4 (Prop_carry4_CI_CO[3])
                                                      0.117     2.221 r  triangle_inst/arg_inferred__3/i__carry__7/CO[3]
                         net (fo=1, routed)           0.000     2.221    triangle_inst/arg_inferred__3/i__carry__7_n_0
    SLICE_X32Y66         CARRY4 (Prop_carry4_CI_CO[3])
                                                      0.117     2.338 r  triangle_inst/arg_inferred__3/i__carry__8/CO[3]
                         net (fo=1, routed)           0.000     2.338    triangle_inst/arg_inferred__3/i__carry__8_n_0
    SLICE_X32Y67         CARRY4 (Prop_carry4_CI_CO[3])
                                                      0.117     2.455 r  triangle_inst/arg_inferred__3/i__carry__9/CO[3]
                         net (fo=1, routed)           0.000     2.455    triangle_inst/arg_inferred__3/i__carry__9_n_0
    SLICE_X32Y68         CARRY4 (Prop_carry4_CI_O[0])
                                                      0.219     2.674 r  triangle_inst/arg_inferred__3/i__carry__10/O[0]
                         net (fo=2, routed)           0.761     3.435    triangle_inst/resize[45]
    SLICE_X31Y68         LUT2 (Prop_lut2_I0_O)        0.295     3.730 r  triangle_inst/i___105_carry__10_i_3/O
                         net (fo=1, routed)           0.000     3.730    triangle_inst/i___105_carry__10_i_3_n_0
    SLICE_X31Y68         CARRY4 (Prop_carry4_S[1]_CO[3])
                                                      0.550     4.280 r  triangle_inst/arg_inferred__3/i___105_carry__10/CO[3]
                         net (fo=1, routed)           0.000     4.280    triangle_inst/arg_inferred__3/i___105_carry__10_n_0
    SLICE_X31Y69         CARRY4 (Prop_carry4_CI_CO[3])
                                                      0.114     4.394 r  triangle_inst/arg_inferred__3/i___105_carry__11/CO[3]
                         net (fo=1, routed)           0.000     4.394    triangle_inst/arg_inferred__3/i___105_carry__11_n_0
    SLICE_X31Y70         CARRY4 (Prop_carry4_CI_O[2])
                                                      0.239     4.633 r  triangle_inst/arg_inferred__3/i___105_carry__12/O[2]
                         net (fo=56, routed)          1.184     5.817    triangle_inst/to_sulv[0]
    SLICE_X30Y67         LUT3 (Prop_lut3_I2_O)        0.331     6.148 r  triangle_inst/s6[wa][28]_i_1/O
                         net (fo=55, routed)          1.511     7.659    triangle_inst/s6[wa][0]
    SLICE_X29Y59         FDSE                                         r  triangle_inst/s6_reg[wa][-26]/S
  -------------------------------------------------------------------    -------------------

                         (clock pixel_clk_clk_wiz_0 rise edge)
                                                     13.467    13.467 r  <hidden>
    K17                                               0.000    13.467 r  sys_clk
                         net (fo=0)                   0.000    13.467    clk_wiz_0_inst/inst/sys_clk
    K17                  IBUF (Prop_ibuf_I_O)         1.421    14.888 r  clk_wiz_0_inst/inst/clkin1_ibufg/O
                         net (fo=1, routed)           1.162    16.050    clk_wiz_0_inst/inst/sys_clk_clk_wiz_0
    MMCME2_ADV_X0Y1      MMCME2_ADV (Prop_mmcme2_adv_CLKIN1_CLKOUT0)
                                                     -7.105     8.945 r  clk_wiz_0_inst/inst/mmcm_adv_inst/CLKOUT0
                         net (fo=1, routed)           1.599    10.544    clk_wiz_0_inst/inst/pixel_clk_clk_wiz_0
    BUFGCTRL_X0Y16       BUFG (Prop_bufg_I_O)         0.091    10.635 r  clk_wiz_0_inst/inst/clkout1_buf/O
                         net (fo=2662, routed)        1.484    12.119    triangle_inst/pixel_clk
    SLICE_X29Y59         FDSE                                         r  triangle_inst/s6_reg[wa][-26]/C
                         clock pessimism              0.588    12.707    <hidden>
                         clock uncertainty           -0.125    12.582    <hidden>
    SLICE_X29Y59         FDSE (Setup_fdse_C_S)       -0.636    11.946    triangle_inst/s6_reg[wa][-26]
  -------------------------------------------------------------------
                         required time                         11.946    <hidden>
                         arrival time                          -7.659    <hidden>
  -------------------------------------------------------------------
                         slack                                  4.287    <hidden>





Min Delay Paths
--------------------------------------------------------------------------------------
Slack (MET) :             0.030ns  (arrival time - required time)
  Source:                 triangle_inst/s3_reg[wcn][0][20]/C
                            (rising edge-triggered cell FDRE clocked by pixel_clk_clk_wiz_0  {rise@0.000ns fall@6.733ns period=13.467ns})
  Destination:            triangle_inst/s3_reg[wcn][30][20]_srl30/D
                            (rising edge-triggered cell SRLC32E clocked by pixel_clk_clk_wiz_0  {rise@0.000ns fall@6.733ns period=13.467ns})
  Path Group:             pixel_clk_clk_wiz_0
  Path Type:              Hold (Min at Fast Process Corner)
  Requirement:            0.000ns  (pixel_clk_clk_wiz_0 rise@0.000ns - pixel_clk_clk_wiz_0 rise@0.000ns)
  Data Path Delay:        0.471ns  (logic 0.164ns (34.849%)  route 0.307ns (65.151%))
  Logic Levels:           0  
  Clock Path Skew:        0.257ns (DCD - SCD - CPR)
    Destination Clock Delay (DCD):    -0.743ns
    Source Clock Delay      (SCD):    -0.502ns
    Clock Pessimism Removal (CPR):    -0.498ns

    Location             Delay type                Incr(ns)  Path(ns)    Netlist Resource(s)
  -------------------------------------------------------------------    -------------------
                         (clock pixel_clk_clk_wiz_0 rise edge)
                                                      0.000     0.000 r  <hidden>
    K17                                               0.000     0.000 r  sys_clk
                         net (fo=0)                   0.000     0.000    clk_wiz_0_inst/inst/sys_clk
    K17                  IBUF (Prop_ibuf_I_O)         0.259     0.259 r  clk_wiz_0_inst/inst/clkin1_ibufg/O
                         net (fo=1, routed)           0.440     0.700    clk_wiz_0_inst/inst/sys_clk_clk_wiz_0
    MMCME2_ADV_X0Y1      MMCME2_ADV (Prop_mmcme2_adv_CLKIN1_CLKOUT0)
                                                     -2.268    -1.568 r  clk_wiz_0_inst/inst/mmcm_adv_inst/CLKOUT0
                         net (fo=1, routed)           0.482    -1.086    clk_wiz_0_inst/inst/pixel_clk_clk_wiz_0
    BUFGCTRL_X0Y16       BUFG (Prop_bufg_I_O)         0.026    -1.060 r  clk_wiz_0_inst/inst/clkout1_buf/O
                         net (fo=2662, routed)        0.558    -0.502    triangle_inst/pixel_clk
    SLICE_X10Y65         FDRE                                         r  triangle_inst/s3_reg[wcn][0][20]/C
  -------------------------------------------------------------------    -------------------
    SLICE_X10Y65         FDRE (Prop_fdre_C_Q)         0.164    -0.338 r  triangle_inst/s3_reg[wcn][0][20]/Q
                         net (fo=1, routed)           0.307    -0.032    triangle_inst/s3_reg[wcn_n_0_][0][20]
    SLICE_X24Y63         SRLC32E                                      r  triangle_inst/s3_reg[wcn][30][20]_srl30/D
  -------------------------------------------------------------------    -------------------

                         (clock pixel_clk_clk_wiz_0 rise edge)
                                                      0.000     0.000 r  <hidden>
    K17                                               0.000     0.000 r  sys_clk
                         net (fo=0)                   0.000     0.000    clk_wiz_0_inst/inst/sys_clk
    K17                  IBUF (Prop_ibuf_I_O)         0.447     0.447 r  clk_wiz_0_inst/inst/clkin1_ibufg/O
                         net (fo=1, routed)           0.480     0.927    clk_wiz_0_inst/inst/sys_clk_clk_wiz_0
    MMCME2_ADV_X0Y1      MMCME2_ADV (Prop_mmcme2_adv_CLKIN1_CLKOUT0)
                                                     -3.047    -2.120 r  clk_wiz_0_inst/inst/mmcm_adv_inst/CLKOUT0
                         net (fo=1, routed)           0.528    -1.592    clk_wiz_0_inst/inst/pixel_clk_clk_wiz_0
    BUFGCTRL_X0Y16       BUFG (Prop_bufg_I_O)         0.029    -1.563 r  clk_wiz_0_inst/inst/clkout1_buf/O
                         net (fo=2662, routed)        0.820    -0.743    triangle_inst/pixel_clk
    SLICE_X24Y63         SRLC32E                                      r  triangle_inst/s3_reg[wcn][30][20]_srl30/CLK
                         clock pessimism              0.498    -0.245    <hidden>
    SLICE_X24Y63         SRLC32E (Hold_srlc32e_CLK_D)
                                                      0.183    -0.062    triangle_inst/s3_reg[wcn][30][20]_srl30
  -------------------------------------------------------------------
                         required time                          0.062    <hidden>
                         arrival time                          -0.032    <hidden>
  -------------------------------------------------------------------
                         slack                                  0.030    <hidden>

Slack (MET) :             0.038ns  (arrival time - required time)
  Source:                 triangle_inst/div_gen_0_inst/U0/<hidden>/<hidden>/<hidden>/<hidden>/<hidden>/<hidden>/<hidden>
                            (rising edge-triggered cell FDRE clocked by pixel_clk_clk_wiz_0  {rise@0.000ns fall@6.733ns period=13.467ns})
  Destination:            triangle_inst/div_gen_0_inst/U0/<hidden>/<hidden>/<hidden>/<hidden>/<hidden>/<hidden>/<hidden>
                            (rising edge-triggered cell FDRE clocked by pixel_clk_clk_wiz_0  {rise@0.000ns fall@6.733ns period=13.467ns})
  Path Group:             pixel_clk_clk_wiz_0
  Path Type:              Hold (Min at Fast Process Corner)
  Requirement:            0.000ns  (pixel_clk_clk_wiz_0 rise@0.000ns - pixel_clk_clk_wiz_0 rise@0.000ns)
  Data Path Delay:        0.311ns  (logic 0.128ns (41.179%)  route 0.183ns (58.821%))
  Logic Levels:           0  
  Clock Path Skew:        0.262ns (DCD - SCD - CPR)
    Destination Clock Delay (DCD):    -0.749ns
    Source Clock Delay      (SCD):    -0.513ns
    Clock Pessimism Removal (CPR):    -0.498ns

    Location             Delay type                Incr(ns)  Path(ns)    Netlist Resource(s)
  -------------------------------------------------------------------    -------------------
                         (clock pixel_clk_clk_wiz_0 rise edge)
                                                      0.000     0.000 r  <hidden>
    K17                                               0.000     0.000 r  sys_clk
                         net (fo=0)                   0.000     0.000    clk_wiz_0_inst/inst/sys_clk
    K17                  IBUF (Prop_ibuf_I_O)         0.259     0.259 r  clk_wiz_0_inst/inst/clkin1_ibufg/O
                         net (fo=1, routed)           0.440     0.700    clk_wiz_0_inst/inst/sys_clk_clk_wiz_0
    MMCME2_ADV_X0Y1      MMCME2_ADV (Prop_mmcme2_adv_CLKIN1_CLKOUT0)
                                                     -2.268    -1.568 r  clk_wiz_0_inst/inst/mmcm_adv_inst/CLKOUT0
                         net (fo=1, routed)           0.482    -1.086    clk_wiz_0_inst/inst/pixel_clk_clk_wiz_0
    BUFGCTRL_X0Y16       BUFG (Prop_bufg_I_O)         0.026    -1.060 r  clk_wiz_0_inst/inst/clkout1_buf/O
                         net (fo=2662, routed)        0.547    -0.513    triangle_inst/div_gen_0_inst/U0/<hidden>/<hidden>/<hidden>/<hidden>/<hidden>/<hidden>
    SLICE_X21Y79         FDRE                                         r  triangle_inst/div_gen_0_inst/U0/<hidden>/<hidden>/<hidden>/<hidden>/<hidden>/<hidden>/<hidden>
  -------------------------------------------------------------------    -------------------
    SLICE_X21Y79         FDRE (Prop_fdre_C_Q)         0.128    -0.385 r  triangle_inst/div_gen_0_inst/U0/<hidden>/<hidden>/<hidden>/<hidden>/<hidden>/<hidden>/<hidden>
                         net (fo=2, routed)           0.183    -0.202    triangle_inst/div_gen_0_inst/U0/<hidden>/<hidden>/<hidden>/<hidden>/<hidden>/<hidden>
    SLICE_X24Y79         FDRE                                         r  triangle_inst/div_gen_0_inst/U0/<hidden>/<hidden>/<hidden>/<hidden>/<hidden>/<hidden>/<hidden>
  -------------------------------------------------------------------    -------------------

                         (clock pixel_clk_clk_wiz_0 rise edge)
                                                      0.000     0.000 r  <hidden>
    K17                                               0.000     0.000 r  sys_clk
                         net (fo=0)                   0.000     0.000    clk_wiz_0_inst/inst/sys_clk
    K17                  IBUF (Prop_ibuf_I_O)         0.447     0.447 r  clk_wiz_0_inst/inst/clkin1_ibufg/O
                         net (fo=1, routed)           0.480     0.927    clk_wiz_0_inst/inst/sys_clk_clk_wiz_0
    MMCME2_ADV_X0Y1      MMCME2_ADV (Prop_mmcme2_adv_CLKIN1_CLKOUT0)
                                                     -3.047    -2.120 r  clk_wiz_0_inst/inst/mmcm_adv_inst/CLKOUT0
                         net (fo=1, routed)           0.528    -1.592    clk_wiz_0_inst/inst/pixel_clk_clk_wiz_0
    BUFGCTRL_X0Y16       BUFG (Prop_bufg_I_O)         0.029    -1.563 r  clk_wiz_0_inst/inst/clkout1_buf/O
                         net (fo=2662, routed)        0.814    -0.749    triangle_inst/div_gen_0_inst/U0/<hidden>/<hidden>/<hidden>/<hidden>/<hidden>/<hidden>
    SLICE_X24Y79         FDRE                                         r  triangle_inst/div_gen_0_inst/U0/<hidden>/<hidden>/<hidden>/<hidden>/<hidden>/<hidden>/<hidden>
                         clock pessimism              0.498    -0.251    <hidden>
    SLICE_X24Y79         FDRE (Hold_fdre_C_D)         0.011    -0.240    triangle_inst/div_gen_0_inst/U0/<hidden>/<hidden>/<hidden>/<hidden>/<hidden>/<hidden>
  -------------------------------------------------------------------
                         required time                          0.240    <hidden>
                         arrival time                          -0.202    <hidden>
  -------------------------------------------------------------------
                         slack                                  0.038    <hidden>

Slack (MET) :             0.039ns  (arrival time - required time)
  Source:                 triangle_inst/div_gen_0_inst/U0/<hidden>/<hidden>/<hidden>/<hidden>/<hidden>/<hidden>/<hidden>
                            (rising edge-triggered cell FDRE clocked by pixel_clk_clk_wiz_0  {rise@0.000ns fall@6.733ns period=13.467ns})
  Destination:            triangle_inst/div_gen_0_inst/U0/<hidden>/<hidden>/<hidden>/<hidden>/<hidden>/<hidden>/<hidden>
                            (rising edge-triggered cell FDRE clocked by pixel_clk_clk_wiz_0  {rise@0.000ns fall@6.733ns period=13.467ns})
  Path Group:             pixel_clk_clk_wiz_0
  Path Type:              Hold (Min at Fast Process Corner)
  Requirement:            0.000ns  (pixel_clk_clk_wiz_0 rise@0.000ns - pixel_clk_clk_wiz_0 rise@0.000ns)
  Data Path Delay:        0.311ns  (logic 0.128ns (41.179%)  route 0.183ns (58.821%))
  Logic Levels:           0  
  Clock Path Skew:        0.261ns (DCD - SCD - CPR)
    Destination Clock Delay (DCD):    -0.753ns
    Source Clock Delay      (SCD):    -0.516ns
    Clock Pessimism Removal (CPR):    -0.498ns

    Location             Delay type                Incr(ns)  Path(ns)    Netlist Resource(s)
  -------------------------------------------------------------------    -------------------
                         (clock pixel_clk_clk_wiz_0 rise edge)
                                                      0.000     0.000 r  <hidden>
    K17                                               0.000     0.000 r  sys_clk
                         net (fo=0)                   0.000     0.000    clk_wiz_0_inst/inst/sys_clk
    K17                  IBUF (Prop_ibuf_I_O)         0.259     0.259 r  clk_wiz_0_inst/inst/clkin1_ibufg/O
                         net (fo=1, routed)           0.440     0.700    clk_wiz_0_inst/inst/sys_clk_clk_wiz_0
    MMCME2_ADV_X0Y1      MMCME2_ADV (Prop_mmcme2_adv_CLKIN1_CLKOUT0)
                                                     -2.268    -1.568 r  clk_wiz_0_inst/inst/mmcm_adv_inst/CLKOUT0
                         net (fo=1, routed)           0.482    -1.086    clk_wiz_0_inst/inst/pixel_clk_clk_wiz_0
    BUFGCTRL_X0Y16       BUFG (Prop_bufg_I_O)         0.026    -1.060 r  clk_wiz_0_inst/inst/clkout1_buf/O
                         net (fo=2662, routed)        0.544    -0.516    triangle_inst/div_gen_0_inst/U0/<hidden>/<hidden>/<hidden>/<hidden>/<hidden>/<hidden>
    SLICE_X21Y76         FDRE                                         r  triangle_inst/div_gen_0_inst/U0/<hidden>/<hidden>/<hidden>/<hidden>/<hidden>/<hidden>/<hidden>
  -------------------------------------------------------------------    -------------------
    SLICE_X21Y76         FDRE (Prop_fdre_C_Q)         0.128    -0.388 r  triangle_inst/div_gen_0_inst/U0/<hidden>/<hidden>/<hidden>/<hidden>/<hidden>/<hidden>/<hidden>
                         net (fo=2, routed)           0.183    -0.205    triangle_inst/div_gen_0_inst/U0/<hidden>/<hidden>/<hidden>/<hidden>/<hidden>/<hidden>
    SLICE_X24Y76         FDRE                                         r  triangle_inst/div_gen_0_inst/U0/<hidden>/<hidden>/<hidden>/<hidden>/<hidden>/<hidden>/<hidden>
  -------------------------------------------------------------------    -------------------

                         (clock pixel_clk_clk_wiz_0 rise edge)
                                                      0.000     0.000 r  <hidden>
    K17                                               0.000     0.000 r  sys_clk
                         net (fo=0)                   0.000     0.000    clk_wiz_0_inst/inst/sys_clk
    K17                  IBUF (Prop_ibuf_I_O)         0.447     0.447 r  clk_wiz_0_inst/inst/clkin1_ibufg/O
                         net (fo=1, routed)           0.480     0.927    clk_wiz_0_inst/inst/sys_clk_clk_wiz_0
    MMCME2_ADV_X0Y1      MMCME2_ADV (Prop_mmcme2_adv_CLKIN1_CLKOUT0)
                                                     -3.047    -2.120 r  clk_wiz_0_inst/inst/mmcm_adv_inst/CLKOUT0
                         net (fo=1, routed)           0.528    -1.592    clk_wiz_0_inst/inst/pixel_clk_clk_wiz_0
    BUFGCTRL_X0Y16       BUFG (Prop_bufg_I_O)         0.029    -1.563 r  clk_wiz_0_inst/inst/clkout1_buf/O
                         net (fo=2662, routed)        0.810    -0.753    triangle_inst/div_gen_0_inst/U0/<hidden>/<hidden>/<hidden>/<hidden>/<hidden>/<hidden>
    SLICE_X24Y76         FDRE                                         r  triangle_inst/div_gen_0_inst/U0/<hidden>/<hidden>/<hidden>/<hidden>/<hidden>/<hidden>/<hidden>
                         clock pessimism              0.498    -0.255    <hidden>
    SLICE_X24Y76         FDRE (Hold_fdre_C_D)         0.011    -0.244    triangle_inst/div_gen_0_inst/U0/<hidden>/<hidden>/<hidden>/<hidden>/<hidden>/<hidden>
  -------------------------------------------------------------------
                         required time                          0.244    <hidden>
                         arrival time                          -0.205    <hidden>
  -------------------------------------------------------------------
                         slack                                  0.039    <hidden>

Slack (MET) :             0.042ns  (arrival time - required time)
  Source:                 triangle_inst/s3_reg[wcn][0][13]/C
                            (rising edge-triggered cell FDRE clocked by pixel_clk_clk_wiz_0  {rise@0.000ns fall@6.733ns period=13.467ns})
  Destination:            triangle_inst/s3_reg[wcn][28][13]_srl28/D
                            (rising edge-triggered cell SRLC32E clocked by pixel_clk_clk_wiz_0  {rise@0.000ns fall@6.733ns period=13.467ns})
  Path Group:             pixel_clk_clk_wiz_0
  Path Type:              Hold (Min at Fast Process Corner)
  Requirement:            0.000ns  (pixel_clk_clk_wiz_0 rise@0.000ns - pixel_clk_clk_wiz_0 rise@0.000ns)
  Data Path Delay:        0.417ns  (logic 0.164ns (39.355%)  route 0.253ns (60.645%))
  Logic Levels:           0  
  Clock Path Skew:        0.257ns (DCD - SCD - CPR)
    Destination Clock Delay (DCD):    -0.743ns
    Source Clock Delay      (SCD):    -0.502ns
    Clock Pessimism Removal (CPR):    -0.498ns

    Location             Delay type                Incr(ns)  Path(ns)    Netlist Resource(s)
  -------------------------------------------------------------------    -------------------
                         (clock pixel_clk_clk_wiz_0 rise edge)
                                                      0.000     0.000 r  <hidden>
    K17                                               0.000     0.000 r  sys_clk
                         net (fo=0)                   0.000     0.000    clk_wiz_0_inst/inst/sys_clk
    K17                  IBUF (Prop_ibuf_I_O)         0.259     0.259 r  clk_wiz_0_inst/inst/clkin1_ibufg/O
                         net (fo=1, routed)           0.440     0.700    clk_wiz_0_inst/inst/sys_clk_clk_wiz_0
    MMCME2_ADV_X0Y1      MMCME2_ADV (Prop_mmcme2_adv_CLKIN1_CLKOUT0)
                                                     -2.268    -1.568 r  clk_wiz_0_inst/inst/mmcm_adv_inst/CLKOUT0
                         net (fo=1, routed)           0.482    -1.086    clk_wiz_0_inst/inst/pixel_clk_clk_wiz_0
    BUFGCTRL_X0Y16       BUFG (Prop_bufg_I_O)         0.026    -1.060 r  clk_wiz_0_inst/inst/clkout1_buf/O
                         net (fo=2662, routed)        0.558    -0.502    triangle_inst/pixel_clk
    SLICE_X10Y63         FDRE                                         r  triangle_inst/s3_reg[wcn][0][13]/C
  -------------------------------------------------------------------    -------------------
    SLICE_X10Y63         FDRE (Prop_fdre_C_Q)         0.164    -0.338 r  triangle_inst/s3_reg[wcn][0][13]/Q
                         net (fo=1, routed)           0.253    -0.086    triangle_inst/s3_reg[wcn_n_0_][0][13]
    SLICE_X24Y63         SRLC32E                                      r  triangle_inst/s3_reg[wcn][28][13]_srl28/D
  -------------------------------------------------------------------    -------------------

                         (clock pixel_clk_clk_wiz_0 rise edge)
                                                      0.000     0.000 r  <hidden>
    K17                                               0.000     0.000 r  sys_clk
                         net (fo=0)                   0.000     0.000    clk_wiz_0_inst/inst/sys_clk
    K17                  IBUF (Prop_ibuf_I_O)         0.447     0.447 r  clk_wiz_0_inst/inst/clkin1_ibufg/O
                         net (fo=1, routed)           0.480     0.927    clk_wiz_0_inst/inst/sys_clk_clk_wiz_0
    MMCME2_ADV_X0Y1      MMCME2_ADV (Prop_mmcme2_adv_CLKIN1_CLKOUT0)
                                                     -3.047    -2.120 r  clk_wiz_0_inst/inst/mmcm_adv_inst/CLKOUT0
                         net (fo=1, routed)           0.528    -1.592    clk_wiz_0_inst/inst/pixel_clk_clk_wiz_0
    BUFGCTRL_X0Y16       BUFG (Prop_bufg_I_O)         0.029    -1.563 r  clk_wiz_0_inst/inst/clkout1_buf/O
                         net (fo=2662, routed)        0.820    -0.743    triangle_inst/pixel_clk
    SLICE_X24Y63         SRLC32E                                      r  triangle_inst/s3_reg[wcn][28][13]_srl28/CLK
                         clock pessimism              0.498    -0.245    <hidden>
    SLICE_X24Y63         SRLC32E (Hold_srlc32e_CLK_D)
                                                      0.117    -0.128    triangle_inst/s3_reg[wcn][28][13]_srl28
  -------------------------------------------------------------------
                         required time                          0.128    <hidden>
                         arrival time                          -0.086    <hidden>
  -------------------------------------------------------------------
                         slack                                  0.042    <hidden>

Slack (MET) :             0.043ns  (arrival time - required time)
  Source:                 triangle_inst/div_gen_0_inst/U0/<hidden>/<hidden>/<hidden>/<hidden>/<hidden>/<hidden>/<hidden>
                            (rising edge-triggered cell FDRE clocked by pixel_clk_clk_wiz_0  {rise@0.000ns fall@6.733ns period=13.467ns})
  Destination:            triangle_inst/div_gen_0_inst/U0/<hidden>/<hidden>/<hidden>/<hidden>/<hidden>/<hidden>/<hidden>
                            (rising edge-triggered cell FDRE clocked by pixel_clk_clk_wiz_0  {rise@0.000ns fall@6.733ns period=13.467ns})
  Path Group:             pixel_clk_clk_wiz_0
  Path Type:              Hold (Min at Fast Process Corner)
  Requirement:            0.000ns  (pixel_clk_clk_wiz_0 rise@0.000ns - pixel_clk_clk_wiz_0 rise@0.000ns)
  Data Path Delay:        0.304ns  (logic 0.128ns (42.096%)  route 0.176ns (57.904%))
  Logic Levels:           0  
  Clock Path Skew:        0.262ns (DCD - SCD - CPR)
    Destination Clock Delay (DCD):    -0.749ns
    Source Clock Delay      (SCD):    -0.513ns
    Clock Pessimism Removal (CPR):    -0.498ns

    Location             Delay type                Incr(ns)  Path(ns)    Netlist Resource(s)
  -------------------------------------------------------------------    -------------------
                         (clock pixel_clk_clk_wiz_0 rise edge)
                                                      0.000     0.000 r  <hidden>
    K17                                               0.000     0.000 r  sys_clk
                         net (fo=0)                   0.000     0.000    clk_wiz_0_inst/inst/sys_clk
    K17                  IBUF (Prop_ibuf_I_O)         0.259     0.259 r  clk_wiz_0_inst/inst/clkin1_ibufg/O
                         net (fo=1, routed)           0.440     0.700    clk_wiz_0_inst/inst/sys_clk_clk_wiz_0
    MMCME2_ADV_X0Y1      MMCME2_ADV (Prop_mmcme2_adv_CLKIN1_CLKOUT0)
                                                     -2.268    -1.568 r  clk_wiz_0_inst/inst/mmcm_adv_inst/CLKOUT0
                         net (fo=1, routed)           0.482    -1.086    clk_wiz_0_inst/inst/pixel_clk_clk_wiz_0
    BUFGCTRL_X0Y16       BUFG (Prop_bufg_I_O)         0.026    -1.060 r  clk_wiz_0_inst/inst/clkout1_buf/O
                         net (fo=2662, routed)        0.547    -0.513    triangle_inst/div_gen_0_inst/U0/<hidden>/<hidden>/<hidden>/<hidden>/<hidden>/<hidden>
    SLICE_X21Y79         FDRE                                         r  triangle_inst/div_gen_0_inst/U0/<hidden>/<hidden>/<hidden>/<hidden>/<hidden>/<hidden>/<hidden>
  -------------------------------------------------------------------    -------------------
    SLICE_X21Y79         FDRE (Prop_fdre_C_Q)         0.128    -0.385 r  triangle_inst/div_gen_0_inst/U0/<hidden>/<hidden>/<hidden>/<hidden>/<hidden>/<hidden>/<hidden>
                         net (fo=2, routed)           0.176    -0.209    triangle_inst/div_gen_0_inst/U0/<hidden>/<hidden>/<hidden>/<hidden>/<hidden>/<hidden>
    SLICE_X24Y79         FDRE                                         r  triangle_inst/div_gen_0_inst/U0/<hidden>/<hidden>/<hidden>/<hidden>/<hidden>/<hidden>/<hidden>
  -------------------------------------------------------------------    -------------------

                         (clock pixel_clk_clk_wiz_0 rise edge)
                                                      0.000     0.000 r  <hidden>
    K17                                               0.000     0.000 r  sys_clk
                         net (fo=0)                   0.000     0.000    clk_wiz_0_inst/inst/sys_clk
    K17                  IBUF (Prop_ibuf_I_O)         0.447     0.447 r  clk_wiz_0_inst/inst/clkin1_ibufg/O
                         net (fo=1, routed)           0.480     0.927    clk_wiz_0_inst/inst/sys_clk_clk_wiz_0
    MMCME2_ADV_X0Y1      MMCME2_ADV (Prop_mmcme2_adv_CLKIN1_CLKOUT0)
                                                     -3.047    -2.120 r  clk_wiz_0_inst/inst/mmcm_adv_inst/CLKOUT0
                         net (fo=1, routed)           0.528    -1.592    clk_wiz_0_inst/inst/pixel_clk_clk_wiz_0
    BUFGCTRL_X0Y16       BUFG (Prop_bufg_I_O)         0.029    -1.563 r  clk_wiz_0_inst/inst/clkout1_buf/O
                         net (fo=2662, routed)        0.814    -0.749    triangle_inst/div_gen_0_inst/U0/<hidden>/<hidden>/<hidden>/<hidden>/<hidden>/<hidden>
    SLICE_X24Y79         FDRE                                         r  triangle_inst/div_gen_0_inst/U0/<hidden>/<hidden>/<hidden>/<hidden>/<hidden>/<hidden>/<hidden>
                         clock pessimism              0.498    -0.251    <hidden>
    SLICE_X24Y79         FDRE (Hold_fdre_C_D)        -0.001    -0.252    triangle_inst/div_gen_0_inst/U0/<hidden>/<hidden>/<hidden>/<hidden>/<hidden>/<hidden>
  -------------------------------------------------------------------
                         required time                          0.252    <hidden>
                         arrival time                          -0.209    <hidden>
  -------------------------------------------------------------------
                         slack                                  0.043    <hidden>

Slack (MET) :             0.043ns  (arrival time - required time)
  Source:                 triangle_inst/div_gen_0_inst/U0/<hidden>/<hidden>/<hidden>/<hidden>/<hidden>/<hidden>/<hidden>
                            (rising edge-triggered cell FDRE clocked by pixel_clk_clk_wiz_0  {rise@0.000ns fall@6.733ns period=13.467ns})
  Destination:            triangle_inst/div_gen_0_inst/U0/<hidden>/<hidden>/<hidden>/<hidden>/<hidden>/<hidden>/<hidden>
                            (rising edge-triggered cell FDRE clocked by pixel_clk_clk_wiz_0  {rise@0.000ns fall@6.733ns period=13.467ns})
  Path Group:             pixel_clk_clk_wiz_0
  Path Type:              Hold (Min at Fast Process Corner)
  Requirement:            0.000ns  (pixel_clk_clk_wiz_0 rise@0.000ns - pixel_clk_clk_wiz_0 rise@0.000ns)
  Data Path Delay:        0.304ns  (logic 0.128ns (42.096%)  route 0.176ns (57.904%))
  Logic Levels:           0  
  Clock Path Skew:        0.262ns (DCD - SCD - CPR)
    Destination Clock Delay (DCD):    -0.748ns
    Source Clock Delay      (SCD):    -0.512ns
    Clock Pessimism Removal (CPR):    -0.498ns

    Location             Delay type                Incr(ns)  Path(ns)    Netlist Resource(s)
  -------------------------------------------------------------------    -------------------
                         (clock pixel_clk_clk_wiz_0 rise edge)
                                                      0.000     0.000 r  <hidden>
    K17                                               0.000     0.000 r  sys_clk
                         net (fo=0)                   0.000     0.000    clk_wiz_0_inst/inst/sys_clk
    K17                  IBUF (Prop_ibuf_I_O)         0.259     0.259 r  clk_wiz_0_inst/inst/clkin1_ibufg/O
                         net (fo=1, routed)           0.440     0.700    clk_wiz_0_inst/inst/sys_clk_clk_wiz_0
    MMCME2_ADV_X0Y1      MMCME2_ADV (Prop_mmcme2_adv_CLKIN1_CLKOUT0)
                                                     -2.268    -1.568 r  clk_wiz_0_inst/inst/mmcm_adv_inst/CLKOUT0
                         net (fo=1, routed)           0.482    -1.086    clk_wiz_0_inst/inst/pixel_clk_clk_wiz_0
    BUFGCTRL_X0Y16       BUFG (Prop_bufg_I_O)         0.026    -1.060 r  clk_wiz_0_inst/inst/clkout1_buf/O
                         net (fo=2662, routed)        0.548    -0.512    triangle_inst/div_gen_0_inst/U0/<hidden>/<hidden>/<hidden>/<hidden>/<hidden>/<hidden>
    SLICE_X21Y80         FDRE                                         r  triangle_inst/div_gen_0_inst/U0/<hidden>/<hidden>/<hidden>/<hidden>/<hidden>/<hidden>/<hidden>
  -------------------------------------------------------------------    -------------------
    SLICE_X21Y80         FDRE (Prop_fdre_C_Q)         0.128    -0.384 r  triangle_inst/div_gen_0_inst/U0/<hidden>/<hidden>/<hidden>/<hidden>/<hidden>/<hidden>/<hidden>
                         net (fo=2, routed)           0.176    -0.208    triangle_inst/div_gen_0_inst/U0/<hidden>/<hidden>/<hidden>/<hidden>/<hidden>/<hidden>
    SLICE_X24Y80         FDRE                                         r  triangle_inst/div_gen_0_inst/U0/<hidden>/<hidden>/<hidden>/<hidden>/<hidden>/<hidden>/<hidden>
  -------------------------------------------------------------------    -------------------

                         (clock pixel_clk_clk_wiz_0 rise edge)
                                                      0.000     0.000 r  <hidden>
    K17                                               0.000     0.000 r  sys_clk
                         net (fo=0)                   0.000     0.000    clk_wiz_0_inst/inst/sys_clk
    K17                  IBUF (Prop_ibuf_I_O)         0.447     0.447 r  clk_wiz_0_inst/inst/clkin1_ibufg/O
                         net (fo=1, routed)           0.480     0.927    clk_wiz_0_inst/inst/sys_clk_clk_wiz_0
    MMCME2_ADV_X0Y1      MMCME2_ADV (Prop_mmcme2_adv_CLKIN1_CLKOUT0)
                                                     -3.047    -2.120 r  clk_wiz_0_inst/inst/mmcm_adv_inst/CLKOUT0
                         net (fo=1, routed)           0.528    -1.592    clk_wiz_0_inst/inst/pixel_clk_clk_wiz_0
    BUFGCTRL_X0Y16       BUFG (Prop_bufg_I_O)         0.029    -1.563 r  clk_wiz_0_inst/inst/clkout1_buf/O
                         net (fo=2662, routed)        0.815    -0.748    triangle_inst/div_gen_0_inst/U0/<hidden>/<hidden>/<hidden>/<hidden>/<hidden>/<hidden>
    SLICE_X24Y80         FDRE                                         r  triangle_inst/div_gen_0_inst/U0/<hidden>/<hidden>/<hidden>/<hidden>/<hidden>/<hidden>/<hidden>
                         clock pessimism              0.498    -0.250    <hidden>
    SLICE_X24Y80         FDRE (Hold_fdre_C_D)        -0.001    -0.251    triangle_inst/div_gen_0_inst/U0/<hidden>/<hidden>/<hidden>/<hidden>/<hidden>/<hidden>
  -------------------------------------------------------------------
                         required time                          0.251    <hidden>
                         arrival time                          -0.208    <hidden>
  -------------------------------------------------------------------
                         slack                                  0.043    <hidden>

Slack (MET) :             0.044ns  (arrival time - required time)
  Source:                 triangle_inst/div_gen_0_inst/U0/<hidden>/<hidden>/<hidden>/<hidden>/<hidden>/<hidden>/<hidden>
                            (rising edge-triggered cell FDRE clocked by pixel_clk_clk_wiz_0  {rise@0.000ns fall@6.733ns period=13.467ns})
  Destination:            triangle_inst/div_gen_0_inst/U0/<hidden>/<hidden>/<hidden>/<hidden>/<hidden>/<hidden>/<hidden>
                            (rising edge-triggered cell FDRE clocked by pixel_clk_clk_wiz_0  {rise@0.000ns fall@6.733ns period=13.467ns})
  Path Group:             pixel_clk_clk_wiz_0
  Path Type:              Hold (Min at Fast Process Corner)
  Requirement:            0.000ns  (pixel_clk_clk_wiz_0 rise@0.000ns - pixel_clk_clk_wiz_0 rise@0.000ns)
  Data Path Delay:        0.305ns  (logic 0.128ns (42.022%)  route 0.177ns (57.978%))
  Logic Levels:           0  
  Clock Path Skew:        0.261ns (DCD - SCD - CPR)
    Destination Clock Delay (DCD):    -0.753ns
    Source Clock Delay      (SCD):    -0.516ns
    Clock Pessimism Removal (CPR):    -0.498ns

    Location             Delay type                Incr(ns)  Path(ns)    Netlist Resource(s)
  -------------------------------------------------------------------    -------------------
                         (clock pixel_clk_clk_wiz_0 rise edge)
                                                      0.000     0.000 r  <hidden>
    K17                                               0.000     0.000 r  sys_clk
                         net (fo=0)                   0.000     0.000    clk_wiz_0_inst/inst/sys_clk
    K17                  IBUF (Prop_ibuf_I_O)         0.259     0.259 r  clk_wiz_0_inst/inst/clkin1_ibufg/O
                         net (fo=1, routed)           0.440     0.700    clk_wiz_0_inst/inst/sys_clk_clk_wiz_0
    MMCME2_ADV_X0Y1      MMCME2_ADV (Prop_mmcme2_adv_CLKIN1_CLKOUT0)
                                                     -2.268    -1.568 r  clk_wiz_0_inst/inst/mmcm_adv_inst/CLKOUT0
                         net (fo=1, routed)           0.482    -1.086    clk_wiz_0_inst/inst/pixel_clk_clk_wiz_0
    BUFGCTRL_X0Y16       BUFG (Prop_bufg_I_O)         0.026    -1.060 r  clk_wiz_0_inst/inst/clkout1_buf/O
                         net (fo=2662, routed)        0.544    -0.516    triangle_inst/div_gen_0_inst/U0/<hidden>/<hidden>/<hidden>/<hidden>/<hidden>/<hidden>
    SLICE_X21Y76         FDRE                                         r  triangle_inst/div_gen_0_inst/U0/<hidden>/<hidden>/<hidden>/<hidden>/<hidden>/<hidden>/<hidden>
  -------------------------------------------------------------------    -------------------
    SLICE_X21Y76         FDRE (Prop_fdre_C_Q)         0.128    -0.388 r  triangle_inst/div_gen_0_inst/U0/<hidden>/<hidden>/<hidden>/<hidden>/<hidden>/<hidden>/<hidden>
                         net (fo=2, routed)           0.177    -0.212    triangle_inst/div_gen_0_inst/U0/<hidden>/<hidden>/<hidden>/<hidden>/<hidden>/<hidden>
    SLICE_X24Y76         FDRE                                         r  triangle_inst/div_gen_0_inst/U0/<hidden>/<hidden>/<hidden>/<hidden>/<hidden>/<hidden>/<hidden>
  -------------------------------------------------------------------    -------------------

                         (clock pixel_clk_clk_wiz_0 rise edge)
                                                      0.000     0.000 r  <hidden>
    K17                                               0.000     0.000 r  sys_clk
                         net (fo=0)                   0.000     0.000    clk_wiz_0_inst/inst/sys_clk
    K17                  IBUF (Prop_ibuf_I_O)         0.447     0.447 r  clk_wiz_0_inst/inst/clkin1_ibufg/O
                         net (fo=1, routed)           0.480     0.927    clk_wiz_0_inst/inst/sys_clk_clk_wiz_0
    MMCME2_ADV_X0Y1      MMCME2_ADV (Prop_mmcme2_adv_CLKIN1_CLKOUT0)
                                                     -3.047    -2.120 r  clk_wiz_0_inst/inst/mmcm_adv_inst/CLKOUT0
                         net (fo=1, routed)           0.528    -1.592    clk_wiz_0_inst/inst/pixel_clk_clk_wiz_0
    BUFGCTRL_X0Y16       BUFG (Prop_bufg_I_O)         0.029    -1.563 r  clk_wiz_0_inst/inst/clkout1_buf/O
                         net (fo=2662, routed)        0.810    -0.753    triangle_inst/div_gen_0_inst/U0/<hidden>/<hidden>/<hidden>/<hidden>/<hidden>/<hidden>
    SLICE_X24Y76         FDRE                                         r  triangle_inst/div_gen_0_inst/U0/<hidden>/<hidden>/<hidden>/<hidden>/<hidden>/<hidden>/<hidden>
                         clock pessimism              0.498    -0.255    <hidden>
    SLICE_X24Y76         FDRE (Hold_fdre_C_D)        -0.001    -0.256    triangle_inst/div_gen_0_inst/U0/<hidden>/<hidden>/<hidden>/<hidden>/<hidden>/<hidden>
  -------------------------------------------------------------------
                         required time                          0.256    <hidden>
                         arrival time                          -0.212    <hidden>
  -------------------------------------------------------------------
                         slack                                  0.044    <hidden>

Slack (MET) :             0.051ns  (arrival time - required time)
  Source:                 triangle_inst/div_gen_0_inst/U0/<hidden>/<hidden>/<hidden>/<hidden>/<hidden>/<hidden>/<hidden>
                            (rising edge-triggered cell FDRE clocked by pixel_clk_clk_wiz_0  {rise@0.000ns fall@6.733ns period=13.467ns})
  Destination:            triangle_inst/div_gen_0_inst/U0/<hidden>/<hidden>/<hidden>/<hidden>/<hidden>/<hidden>/<hidden>/<hidden>/<hidden>/<hidden>
                            (rising edge-triggered cell FDRE clocked by pixel_clk_clk_wiz_0  {rise@0.000ns fall@6.733ns period=13.467ns})
  Path Group:             pixel_clk_clk_wiz_0
  Path Type:              Hold (Min at Fast Process Corner)
  Requirement:            0.000ns  (pixel_clk_clk_wiz_0 rise@0.000ns - pixel_clk_clk_wiz_0 rise@0.000ns)
  Data Path Delay:        0.418ns  (logic 0.292ns (69.824%)  route 0.126ns (30.176%))
  Logic Levels:           2  (CARRY4=1 LUT3=1)
  Clock Path Skew:        0.262ns (DCD - SCD - CPR)
    Destination Clock Delay (DCD):    -0.749ns
    Source Clock Delay      (SCD):    -0.513ns
    Clock Pessimism Removal (CPR):    -0.498ns

    Location             Delay type                Incr(ns)  Path(ns)    Netlist Resource(s)
  -------------------------------------------------------------------    -------------------
                         (clock pixel_clk_clk_wiz_0 rise edge)
                                                      0.000     0.000 r  <hidden>
    K17                                               0.000     0.000 r  sys_clk
                         net (fo=0)                   0.000     0.000    clk_wiz_0_inst/inst/sys_clk
    K17                  IBUF (Prop_ibuf_I_O)         0.259     0.259 r  clk_wiz_0_inst/inst/clkin1_ibufg/O
                         net (fo=1, routed)           0.440     0.700    clk_wiz_0_inst/inst/sys_clk_clk_wiz_0
    MMCME2_ADV_X0Y1      MMCME2_ADV (Prop_mmcme2_adv_CLKIN1_CLKOUT0)
                                                     -2.268    -1.568 r  clk_wiz_0_inst/inst/mmcm_adv_inst/CLKOUT0
                         net (fo=1, routed)           0.482    -1.086    clk_wiz_0_inst/inst/pixel_clk_clk_wiz_0
    BUFGCTRL_X0Y16       BUFG (Prop_bufg_I_O)         0.026    -1.060 r  clk_wiz_0_inst/inst/clkout1_buf/O
                         net (fo=2662, routed)        0.547    -0.513    triangle_inst/div_gen_0_inst/U0/<hidden>/<hidden>/<hidden>/<hidden>/<hidden>/<hidden>
    SLICE_X21Y79         FDRE                                         r  triangle_inst/div_gen_0_inst/U0/<hidden>/<hidden>/<hidden>/<hidden>/<hidden>/<hidden>/<hidden>
  -------------------------------------------------------------------    -------------------
    SLICE_X21Y79         FDRE (Prop_fdre_C_Q)         0.128    -0.385 r  triangle_inst/div_gen_0_inst/U0/<hidden>/<hidden>/<hidden>/<hidden>/<hidden>/<hidden>/<hidden>
                         net (fo=2, routed)           0.126    -0.259    triangle_inst/div_gen_0_inst/U0/<hidden>/<hidden>/<hidden>/<hidden>/<hidden>/<hidden>/<hidden>/<hidden>
    SLICE_X23Y79         LUT3 (Prop_lut3_I0_O)        0.099    -0.160 r  triangle_inst/div_gen_0_inst/U0/<hidden>/<hidden>/<hidden>/<hidden>/<hidden>/<hidden>/<hidden>/<hidden>/<hidden>
                         net (fo=1, routed)           0.000    -0.160    triangle_inst/div_gen_0_inst/U0/<hidden>/<hidden>/<hidden>/<hidden>/<hidden>/<hidden>/<hidden>/<hidden>
    SLICE_X23Y79         CARRY4 (Prop_carry4_S[1]_O[1])
                                                      0.065    -0.095 r  triangle_inst/div_gen_0_inst/U0/<hidden>/<hidden>/<hidden>/<hidden>/<hidden>/<hidden>/<hidden>/<hidden>/<hidden>
                         net (fo=1, routed)           0.000    -0.095    triangle_inst/div_gen_0_inst/U0/<hidden>/<hidden>/<hidden>/<hidden>/<hidden>/<hidden>/<hidden>/<hidden>/<hidden>
    SLICE_X23Y79         FDRE                                         r  triangle_inst/div_gen_0_inst/U0/<hidden>/<hidden>/<hidden>/<hidden>/<hidden>/<hidden>/<hidden>/<hidden>/<hidden>/<hidden>
  -------------------------------------------------------------------    -------------------

                         (clock pixel_clk_clk_wiz_0 rise edge)
                                                      0.000     0.000 r  <hidden>
    K17                                               0.000     0.000 r  sys_clk
                         net (fo=0)                   0.000     0.000    clk_wiz_0_inst/inst/sys_clk
    K17                  IBUF (Prop_ibuf_I_O)         0.447     0.447 r  clk_wiz_0_inst/inst/clkin1_ibufg/O
                         net (fo=1, routed)           0.480     0.927    clk_wiz_0_inst/inst/sys_clk_clk_wiz_0
    MMCME2_ADV_X0Y1      MMCME2_ADV (Prop_mmcme2_adv_CLKIN1_CLKOUT0)
                                                     -3.047    -2.120 r  clk_wiz_0_inst/inst/mmcm_adv_inst/CLKOUT0
                         net (fo=1, routed)           0.528    -1.592    clk_wiz_0_inst/inst/pixel_clk_clk_wiz_0
    BUFGCTRL_X0Y16       BUFG (Prop_bufg_I_O)         0.029    -1.563 r  clk_wiz_0_inst/inst/clkout1_buf/O
                         net (fo=2662, routed)        0.814    -0.749    triangle_inst/div_gen_0_inst/U0/<hidden>/<hidden>/<hidden>/<hidden>/<hidden>/<hidden>/<hidden>/<hidden>/<hidden>
    SLICE_X23Y79         FDRE                                         r  triangle_inst/div_gen_0_inst/U0/<hidden>/<hidden>/<hidden>/<hidden>/<hidden>/<hidden>/<hidden>/<hidden>/<hidden>/<hidden>
                         clock pessimism              0.498    -0.251    <hidden>
    SLICE_X23Y79         FDRE (Hold_fdre_C_D)         0.105    -0.146    triangle_inst/div_gen_0_inst/U0/<hidden>/<hidden>/<hidden>/<hidden>/<hidden>/<hidden>/<hidden>/<hidden>/<hidden>
  -------------------------------------------------------------------
                         required time                          0.146    <hidden>
                         arrival time                          -0.095    <hidden>
  -------------------------------------------------------------------
                         slack                                  0.051    <hidden>

Slack (MET) :             0.051ns  (arrival time - required time)
  Source:                 triangle_inst/div_gen_0_inst/U0/<hidden>/<hidden>/<hidden>/<hidden>/<hidden>/<hidden>/<hidden>
                            (rising edge-triggered cell FDRE clocked by pixel_clk_clk_wiz_0  {rise@0.000ns fall@6.733ns period=13.467ns})
  Destination:            triangle_inst/div_gen_0_inst/U0/<hidden>/<hidden>/<hidden>/<hidden>/<hidden>/<hidden>/<hidden>/<hidden>/<hidden>/<hidden>
                            (rising edge-triggered cell FDRE clocked by pixel_clk_clk_wiz_0  {rise@0.000ns fall@6.733ns period=13.467ns})
  Path Group:             pixel_clk_clk_wiz_0
  Path Type:              Hold (Min at Fast Process Corner)
  Requirement:            0.000ns  (pixel_clk_clk_wiz_0 rise@0.000ns - pixel_clk_clk_wiz_0 rise@0.000ns)
  Data Path Delay:        0.418ns  (logic 0.292ns (69.824%)  route 0.126ns (30.176%))
  Logic Levels:           2  (CARRY4=1 LUT3=1)
  Clock Path Skew:        0.262ns (DCD - SCD - CPR)
    Destination Clock Delay (DCD):    -0.748ns
    Source Clock Delay      (SCD):    -0.512ns
    Clock Pessimism Removal (CPR):    -0.498ns

    Location             Delay type                Incr(ns)  Path(ns)    Netlist Resource(s)
  -------------------------------------------------------------------    -------------------
                         (clock pixel_clk_clk_wiz_0 rise edge)
                                                      0.000     0.000 r  <hidden>
    K17                                               0.000     0.000 r  sys_clk
                         net (fo=0)                   0.000     0.000    clk_wiz_0_inst/inst/sys_clk
    K17                  IBUF (Prop_ibuf_I_O)         0.259     0.259 r  clk_wiz_0_inst/inst/clkin1_ibufg/O
                         net (fo=1, routed)           0.440     0.700    clk_wiz_0_inst/inst/sys_clk_clk_wiz_0
    MMCME2_ADV_X0Y1      MMCME2_ADV (Prop_mmcme2_adv_CLKIN1_CLKOUT0)
                                                     -2.268    -1.568 r  clk_wiz_0_inst/inst/mmcm_adv_inst/CLKOUT0
                         net (fo=1, routed)           0.482    -1.086    clk_wiz_0_inst/inst/pixel_clk_clk_wiz_0
    BUFGCTRL_X0Y16       BUFG (Prop_bufg_I_O)         0.026    -1.060 r  clk_wiz_0_inst/inst/clkout1_buf/O
                         net (fo=2662, routed)        0.548    -0.512    triangle_inst/div_gen_0_inst/U0/<hidden>/<hidden>/<hidden>/<hidden>/<hidden>/<hidden>
    SLICE_X21Y80         FDRE                                         r  triangle_inst/div_gen_0_inst/U0/<hidden>/<hidden>/<hidden>/<hidden>/<hidden>/<hidden>/<hidden>
  -------------------------------------------------------------------    -------------------
    SLICE_X21Y80         FDRE (Prop_fdre_C_Q)         0.128    -0.384 r  triangle_inst/div_gen_0_inst/U0/<hidden>/<hidden>/<hidden>/<hidden>/<hidden>/<hidden>/<hidden>
                         net (fo=2, routed)           0.126    -0.258    triangle_inst/div_gen_0_inst/U0/<hidden>/<hidden>/<hidden>/<hidden>/<hidden>/<hidden>/<hidden>/<hidden>
    SLICE_X23Y80         LUT3 (Prop_lut3_I0_O)        0.099    -0.159 r  triangle_inst/div_gen_0_inst/U0/<hidden>/<hidden>/<hidden>/<hidden>/<hidden>/<hidden>/<hidden>/<hidden>/<hidden>
                         net (fo=1, routed)           0.000    -0.159    triangle_inst/div_gen_0_inst/U0/<hidden>/<hidden>/<hidden>/<hidden>/<hidden>/<hidden>/<hidden>/<hidden>
    SLICE_X23Y80         CARRY4 (Prop_carry4_S[1]_O[1])
                                                      0.065    -0.094 r  triangle_inst/div_gen_0_inst/U0/<hidden>/<hidden>/<hidden>/<hidden>/<hidden>/<hidden>/<hidden>/<hidden>/<hidden>
                         net (fo=1, routed)           0.000    -0.094    triangle_inst/div_gen_0_inst/U0/<hidden>/<hidden>/<hidden>/<hidden>/<hidden>/<hidden>/<hidden>/<hidden>/<hidden>
    SLICE_X23Y80         FDRE                                         r  triangle_inst/div_gen_0_inst/U0/<hidden>/<hidden>/<hidden>/<hidden>/<hidden>/<hidden>/<hidden>/<hidden>/<hidden>/<hidden>
  -------------------------------------------------------------------    -------------------

                         (clock pixel_clk_clk_wiz_0 rise edge)
                                                      0.000     0.000 r  <hidden>
    K17                                               0.000     0.000 r  sys_clk
                         net (fo=0)                   0.000     0.000    clk_wiz_0_inst/inst/sys_clk
    K17                  IBUF (Prop_ibuf_I_O)         0.447     0.447 r  clk_wiz_0_inst/inst/clkin1_ibufg/O
                         net (fo=1, routed)           0.480     0.927    clk_wiz_0_inst/inst/sys_clk_clk_wiz_0
    MMCME2_ADV_X0Y1      MMCME2_ADV (Prop_mmcme2_adv_CLKIN1_CLKOUT0)
                                                     -3.047    -2.120 r  clk_wiz_0_inst/inst/mmcm_adv_inst/CLKOUT0
                         net (fo=1, routed)           0.528    -1.592    clk_wiz_0_inst/inst/pixel_clk_clk_wiz_0
    BUFGCTRL_X0Y16       BUFG (Prop_bufg_I_O)         0.029    -1.563 r  clk_wiz_0_inst/inst/clkout1_buf/O
                         net (fo=2662, routed)        0.815    -0.748    triangle_inst/div_gen_0_inst/U0/<hidden>/<hidden>/<hidden>/<hidden>/<hidden>/<hidden>/<hidden>/<hidden>/<hidden>
    SLICE_X23Y80         FDRE                                         r  triangle_inst/div_gen_0_inst/U0/<hidden>/<hidden>/<hidden>/<hidden>/<hidden>/<hidden>/<hidden>/<hidden>/<hidden>/<hidden>
                         clock pessimism              0.498    -0.250    <hidden>
    SLICE_X23Y80         FDRE (Hold_fdre_C_D)         0.105    -0.145    triangle_inst/div_gen_0_inst/U0/<hidden>/<hidden>/<hidden>/<hidden>/<hidden>/<hidden>/<hidden>/<hidden>/<hidden>
  -------------------------------------------------------------------
                         required time                          0.145    <hidden>
                         arrival time                          -0.094    <hidden>
  -------------------------------------------------------------------
                         slack                                  0.051    <hidden>

Slack (MET) :             0.057ns  (arrival time - required time)
  Source:                 triangle_inst/div_gen_0_inst/U0/<hidden>/<hidden>/<hidden>/<hidden>/<hidden>/<hidden>/<hidden>
                            (rising edge-triggered cell FDRE clocked by pixel_clk_clk_wiz_0  {rise@0.000ns fall@6.733ns period=13.467ns})
  Destination:            triangle_inst/div_gen_0_inst/U0/<hidden>/<hidden>/<hidden>/<hidden>/<hidden>/<hidden>/<hidden>/<hidden>/<hidden>/<hidden>
                            (rising edge-triggered cell FDRE clocked by pixel_clk_clk_wiz_0  {rise@0.000ns fall@6.733ns period=13.467ns})
  Path Group:             pixel_clk_clk_wiz_0
  Path Type:              Hold (Min at Fast Process Corner)
  Requirement:            0.000ns  (pixel_clk_clk_wiz_0 rise@0.000ns - pixel_clk_clk_wiz_0 rise@0.000ns)
  Data Path Delay:        0.424ns  (logic 0.297ns (70.006%)  route 0.127ns (29.994%))
  Logic Levels:           2  (CARRY4=1 LUT3=1)
  Clock Path Skew:        0.262ns (DCD - SCD - CPR)
    Destination Clock Delay (DCD):    -0.747ns
    Source Clock Delay      (SCD):    -0.511ns
    Clock Pessimism Removal (CPR):    -0.498ns

    Location             Delay type                Incr(ns)  Path(ns)    Netlist Resource(s)
  -------------------------------------------------------------------    -------------------
                         (clock pixel_clk_clk_wiz_0 rise edge)
                                                      0.000     0.000 r  <hidden>
    K17                                               0.000     0.000 r  sys_clk
                         net (fo=0)                   0.000     0.000    clk_wiz_0_inst/inst/sys_clk
    K17                  IBUF (Prop_ibuf_I_O)         0.259     0.259 r  clk_wiz_0_inst/inst/clkin1_ibufg/O
                         net (fo=1, routed)           0.440     0.700    clk_wiz_0_inst/inst/sys_clk_clk_wiz_0
    MMCME2_ADV_X0Y1      MMCME2_ADV (Prop_mmcme2_adv_CLKIN1_CLKOUT0)
                                                     -2.268    -1.568 r  clk_wiz_0_inst/inst/mmcm_adv_inst/CLKOUT0
                         net (fo=1, routed)           0.482    -1.086    clk_wiz_0_inst/inst/pixel_clk_clk_wiz_0
    BUFGCTRL_X0Y16       BUFG (Prop_bufg_I_O)         0.026    -1.060 r  clk_wiz_0_inst/inst/clkout1_buf/O
                         net (fo=2662, routed)        0.549    -0.511    triangle_inst/div_gen_0_inst/U0/<hidden>/<hidden>/<hidden>/<hidden>/<hidden>/<hidden>
    SLICE_X21Y81         FDRE                                         r  triangle_inst/div_gen_0_inst/U0/<hidden>/<hidden>/<hidden>/<hidden>/<hidden>/<hidden>/<hidden>
  -------------------------------------------------------------------    -------------------
    SLICE_X21Y81         FDRE (Prop_fdre_C_Q)         0.128    -0.383 r  triangle_inst/div_gen_0_inst/U0/<hidden>/<hidden>/<hidden>/<hidden>/<hidden>/<hidden>/<hidden>
                         net (fo=2, routed)           0.127    -0.256    triangle_inst/div_gen_0_inst/U0/<hidden>/<hidden>/<hidden>/<hidden>/<hidden>/<hidden>/<hidden>/<hidden>
    SLICE_X23Y81         LUT3 (Prop_lut3_I0_O)        0.099    -0.157 r  triangle_inst/div_gen_0_inst/U0/<hidden>/<hidden>/<hidden>/<hidden>/<hidden>/<hidden>/<hidden>/<hidden>/<hidden>
                         net (fo=1, routed)           0.000    -0.157    triangle_inst/div_gen_0_inst/U0/<hidden>/<hidden>/<hidden>/<hidden>/<hidden>/<hidden>/<hidden>/<hidden>
    SLICE_X23Y81         CARRY4 (Prop_carry4_S[0]_O[0])
                                                      0.070    -0.087 r  triangle_inst/div_gen_0_inst/U0/<hidden>/<hidden>/<hidden>/<hidden>/<hidden>/<hidden>/<hidden>/<hidden>/<hidden>
                         net (fo=1, routed)           0.000    -0.087    triangle_inst/div_gen_0_inst/U0/<hidden>/<hidden>/<hidden>/<hidden>/<hidden>/<hidden>/<hidden>/<hidden>/<hidden>
    SLICE_X23Y81         FDRE                                         r  triangle_inst/div_gen_0_inst/U0/<hidden>/<hidden>/<hidden>/<hidden>/<hidden>/<hidden>/<hidden>/<hidden>/<hidden>/<hidden>
  -------------------------------------------------------------------    -------------------

                         (clock pixel_clk_clk_wiz_0 rise edge)
                                                      0.000     0.000 r  <hidden>
    K17                                               0.000     0.000 r  sys_clk
                         net (fo=0)                   0.000     0.000    clk_wiz_0_inst/inst/sys_clk
    K17                  IBUF (Prop_ibuf_I_O)         0.447     0.447 r  clk_wiz_0_inst/inst/clkin1_ibufg/O
                         net (fo=1, routed)           0.480     0.927    clk_wiz_0_inst/inst/sys_clk_clk_wiz_0
    MMCME2_ADV_X0Y1      MMCME2_ADV (Prop_mmcme2_adv_CLKIN1_CLKOUT0)
                                                     -3.047    -2.120 r  clk_wiz_0_inst/inst/mmcm_adv_inst/CLKOUT0
                         net (fo=1, routed)           0.528    -1.592    clk_wiz_0_inst/inst/pixel_clk_clk_wiz_0
    BUFGCTRL_X0Y16       BUFG (Prop_bufg_I_O)         0.029    -1.563 r  clk_wiz_0_inst/inst/clkout1_buf/O
                         net (fo=2662, routed)        0.816    -0.747    triangle_inst/div_gen_0_inst/U0/<hidden>/<hidden>/<hidden>/<hidden>/<hidden>/<hidden>/<hidden>/<hidden>/<hidden>
    SLICE_X23Y81         FDRE                                         r  triangle_inst/div_gen_0_inst/U0/<hidden>/<hidden>/<hidden>/<hidden>/<hidden>/<hidden>/<hidden>/<hidden>/<hidden>/<hidden>
                         clock pessimism              0.498    -0.249    <hidden>
    SLICE_X23Y81         FDRE (Hold_fdre_C_D)         0.105    -0.144    triangle_inst/div_gen_0_inst/U0/<hidden>/<hidden>/<hidden>/<hidden>/<hidden>/<hidden>/<hidden>/<hidden>/<hidden>
  -------------------------------------------------------------------
                         required time                          0.144    <hidden>
                         arrival time                          -0.087    <hidden>
  -------------------------------------------------------------------
                         slack                                  0.057    <hidden>





Pulse Width Checks
--------------------------------------------------------------------------------------
Clock Name:         pixel_clk_clk_wiz_0
Waveform(ns):       { 0.000 6.733 }
Period(ns):         13.467
Sources:            { clk_wiz_0_inst/inst/mmcm_adv_inst/CLKOUT0 }

Check Type        Corner  Lib Pin             Reference Pin  Required(ns)  Actual(ns)  Slack(ns)  Location         Pin
Min Period        n/a     BUFG/I              n/a            2.155         13.467      11.312     BUFGCTRL_X0Y16   clk_wiz_0_inst/inst/clkout1_buf/I
Min Period        n/a     DSP48E1/CLK         n/a            2.154         13.467      11.313     DSP48_X0Y30      triangle_inst/s2_reg[d2][1]/CLK
Min Period        n/a     DSP48E1/CLK         n/a            2.154         13.467      11.313     DSP48_X0Y27      triangle_inst/s2_reg[wbn1][1]/CLK
Min Period        n/a     DSP48E1/CLK         n/a            2.154         13.467      11.313     DSP48_X0Y24      triangle_inst/s2_reg[wbn2][1]/CLK
Min Period        n/a     DSP48E1/CLK         n/a            2.154         13.467      11.313     DSP48_X0Y25      triangle_inst/s2_reg[wcn1][1]/CLK
Min Period        n/a     DSP48E1/CLK         n/a            2.154         13.467      11.313     DSP48_X0Y26      triangle_inst/s2_reg[wcn2][1]/CLK
Min Period        n/a     DSP48E1/CLK         n/a            2.154         13.467      11.313     DSP48_X1Y23      triangle_inst/s5_reg[wb][1]/CLK
Min Period        n/a     DSP48E1/CLK         n/a            2.154         13.467      11.313     DSP48_X1Y24      triangle_inst/s5_reg[wb][2]/CLK
Min Period        n/a     DSP48E1/CLK         n/a            2.154         13.467      11.313     DSP48_X1Y25      triangle_inst/s5_reg[wb][3]/CLK
Min Period        n/a     DSP48E1/CLK         n/a            2.154         13.467      11.313     DSP48_X1Y26      triangle_inst/s5_reg[wb][4]/CLK
Max Period        n/a     MMCME2_ADV/CLKOUT0  n/a            213.360       13.467      199.893    MMCME2_ADV_X0Y1  clk_wiz_0_inst/inst/mmcm_adv_inst/CLKOUT0
Low Pulse Width   Slow    SRLC32E/CLK         n/a            0.980         6.733       5.753      SLICE_X42Y87     vid_timing_pipe_reg[31][hsync]_srl32/CLK
Low Pulse Width   Fast    SRLC32E/CLK         n/a            0.980         6.733       5.753      SLICE_X42Y87     vid_timing_pipe_reg[31][hsync]_srl32/CLK
Low Pulse Width   Slow    SRLC32E/CLK         n/a            0.980         6.733       5.753      SLICE_X42Y85     vid_timing_pipe_reg[31][vde]_srl32/CLK
Low Pulse Width   Fast    SRLC32E/CLK         n/a            0.980         6.733       5.753      SLICE_X42Y85     vid_timing_pipe_reg[31][vde]_srl32/CLK
Low Pulse Width   Slow    SRLC32E/CLK         n/a            0.980         6.733       5.753      SLICE_X42Y85     vid_timing_pipe_reg[31][vsync]_srl32/CLK
Low Pulse Width   Fast    SRLC32E/CLK         n/a            0.980         6.733       5.753      SLICE_X42Y85     vid_timing_pipe_reg[31][vsync]_srl32/CLK
Low Pulse Width   Slow    SRL16E/CLK          n/a            0.980         6.733       5.753      SLICE_X42Y87     vid_timing_pipe_reg[44][hsync]_srl13/CLK
Low Pulse Width   Fast    SRL16E/CLK          n/a            0.980         6.733       5.753      SLICE_X42Y87     vid_timing_pipe_reg[44][hsync]_srl13/CLK
Low Pulse Width   Slow    SRL16E/CLK          n/a            0.980         6.733       5.753      SLICE_X42Y85     vid_timing_pipe_reg[44][vde]_srl13/CLK
Low Pulse Width   Fast    SRL16E/CLK          n/a            0.980         6.733       5.753      SLICE_X42Y85     vid_timing_pipe_reg[44][vde]_srl13/CLK
High Pulse Width  Slow    SRLC32E/CLK         n/a            0.980         6.733       5.753      SLICE_X42Y87     vid_timing_pipe_reg[31][hsync]_srl32/CLK
High Pulse Width  Fast    SRLC32E/CLK         n/a            0.980         6.733       5.753      SLICE_X42Y87     vid_timing_pipe_reg[31][hsync]_srl32/CLK
High Pulse Width  Slow    SRLC32E/CLK         n/a            0.980         6.733       5.753      SLICE_X42Y85     vid_timing_pipe_reg[31][vde]_srl32/CLK
High Pulse Width  Fast    SRLC32E/CLK         n/a            0.980         6.733       5.753      SLICE_X42Y85     vid_timing_pipe_reg[31][vde]_srl32/CLK
High Pulse Width  Slow    SRLC32E/CLK         n/a            0.980         6.733       5.753      SLICE_X42Y85     vid_timing_pipe_reg[31][vsync]_srl32/CLK
High Pulse Width  Fast    SRLC32E/CLK         n/a            0.980         6.733       5.753      SLICE_X42Y85     vid_timing_pipe_reg[31][vsync]_srl32/CLK
High Pulse Width  Slow    SRL16E/CLK          n/a            0.980         6.733       5.753      SLICE_X42Y87     vid_timing_pipe_reg[44][hsync]_srl13/CLK
High Pulse Width  Fast    SRL16E/CLK          n/a            0.980         6.733       5.753      SLICE_X42Y87     vid_timing_pipe_reg[44][hsync]_srl13/CLK
High Pulse Width  Slow    SRL16E/CLK          n/a            0.980         6.733       5.753      SLICE_X42Y85     vid_timing_pipe_reg[44][vde]_srl13/CLK
High Pulse Width  Fast    SRL16E/CLK          n/a            0.980         6.733       5.753      SLICE_X42Y85     vid_timing_pipe_reg[44][vde]_srl13/CLK



---------------------------------------------------------------------------------------------------
From Clock:  serial_clk_clk_wiz_0
  To Clock:  serial_clk_clk_wiz_0

Setup :           NA  Failing Endpoints,  Worst Slack           NA  ,  Total Violation           NA
Hold  :           NA  Failing Endpoints,  Worst Slack           NA  ,  Total Violation           NA
PW    :            0  Failing Endpoints,  Worst Slack        0.538ns,  Total Violation        0.000ns
---------------------------------------------------------------------------------------------------


Pulse Width Checks
--------------------------------------------------------------------------------------
Clock Name:         serial_clk_clk_wiz_0
Waveform(ns):       { 0.000 1.347 }
Period(ns):         2.693
Sources:            { clk_wiz_0_inst/inst/mmcm_adv_inst/CLKOUT1 }

Check Type  Corner  Lib Pin             Reference Pin  Required(ns)  Actual(ns)  Slack(ns)  Location         Pin
Min Period  n/a     BUFG/I              n/a            2.155         2.693       0.538      BUFGCTRL_X0Y17   clk_wiz_0_inst/inst/clkout2_buf/I
Min Period  n/a     OSERDESE2/CLK       n/a            1.667         2.693       1.026      OLOGIC_X0Y74     rgb2dvi_0_inst/U0/ClockSerializer/SerializerMaster/CLK
Min Period  n/a     OSERDESE2/CLK       n/a            1.667         2.693       1.026      OLOGIC_X0Y73     rgb2dvi_0_inst/U0/ClockSerializer/SerializerSlave/CLK
Min Period  n/a     OSERDESE2/CLK       n/a            1.667         2.693       1.026      OLOGIC_X0Y92     rgb2dvi_0_inst/U0/DataEncoders[0].DataSerializer/SerializerMaster/CLK
Min Period  n/a     OSERDESE2/CLK       n/a            1.667         2.693       1.026      OLOGIC_X0Y91     rgb2dvi_0_inst/U0/DataEncoders[0].DataSerializer/SerializerSlave/CLK
Min Period  n/a     OSERDESE2/CLK       n/a            1.667         2.693       1.026      OLOGIC_X0Y98     rgb2dvi_0_inst/U0/DataEncoders[1].DataSerializer/SerializerMaster/CLK
Min Period  n/a     OSERDESE2/CLK       n/a            1.667         2.693       1.026      OLOGIC_X0Y97     rgb2dvi_0_inst/U0/DataEncoders[1].DataSerializer/SerializerSlave/CLK
Min Period  n/a     OSERDESE2/CLK       n/a            1.667         2.693       1.026      OLOGIC_X0Y96     rgb2dvi_0_inst/U0/DataEncoders[2].DataSerializer/SerializerMaster/CLK
Min Period  n/a     OSERDESE2/CLK       n/a            1.667         2.693       1.026      OLOGIC_X0Y95     rgb2dvi_0_inst/U0/DataEncoders[2].DataSerializer/SerializerSlave/CLK
Min Period  n/a     MMCME2_ADV/CLKOUT1  n/a            1.249         2.693       1.444      MMCME2_ADV_X0Y1  clk_wiz_0_inst/inst/mmcm_adv_inst/CLKOUT1
Max Period  n/a     MMCME2_ADV/CLKOUT1  n/a            213.360       2.693       210.667    MMCME2_ADV_X0Y1  clk_wiz_0_inst/inst/mmcm_adv_inst/CLKOUT1



--------------------------------------------------------------------------------------
Path Group:  (none)
From Clock:  
  To Clock:  pixel_clk_clk_wiz_0

Max Delay             2 Endpoints
Min Delay             2 Endpoints
--------------------------------------------------------------------------------------


Max Delay Paths
--------------------------------------------------------------------------------------
Slack:                    inf
  Source:                 buttons[reset]
                            (input port)
  Destination:            rgb2dvi_0_inst/U0/LockLostReset/SyncAsyncx/oSyncStages_reg[0]/PRE
                            (recovery check against rising-edge clock pixel_clk_clk_wiz_0  {rise@0.000ns fall@6.733ns period=13.467ns})
  Path Group:             (none)
  Path Type:              Recovery (Max at Slow Process Corner)
  Data Path Delay:        2.672ns  (logic 1.489ns (55.730%)  route 1.183ns (44.270%))
  Logic Levels:           1  (IBUF=1)
  Clock Path Skew:        -1.280ns (DCD - SCD + CPR)
    Destination Clock Delay (DCD):    -1.280ns
    Source Clock Delay      (SCD):    0.000ns
    Clock Pessimism Removal (CPR):    0.000ns
  Clock Uncertainty:      0.491ns  ((TSJ^2 + DJ^2)^1/2) / 2 + PE
    Total System Jitter     (TSJ):    0.050ns
    Discrete Jitter          (DJ):    0.240ns
    Phase Error              (PE):    0.368ns
  Timing Exception:       False Path

    Location             Delay type                Incr(ns)  Path(ns)    Netlist Resource(s)
  -------------------------------------------------------------------    -------------------
    K18                                               0.000     0.000 f  buttons[reset]
                         net (fo=0)                   0.000     0.000    buttons[reset]
    K18                  IBUF (Prop_ibuf_I_O)         1.489     1.489 f  rgb2dvi_0_inst_i_1/O
                         net (fo=43, routed)          1.183     2.672    rgb2dvi_0_inst/U0/LockLostReset/SyncAsyncx/AS[0]
    SLICE_X43Y79         FDPE                                         f  rgb2dvi_0_inst/U0/LockLostReset/SyncAsyncx/oSyncStages_reg[0]/PRE
  -------------------------------------------------------------------    -------------------

                         (clock pixel_clk_clk_wiz_0 rise edge)
                                                      0.000     0.000 r  <hidden>
    K17                                               0.000     0.000 r  sys_clk
                         net (fo=0)                   0.000     0.000    clk_wiz_0_inst/inst/sys_clk
    K17                  IBUF (Prop_ibuf_I_O)         1.421     1.421 r  clk_wiz_0_inst/inst/clkin1_ibufg/O
                         net (fo=1, routed)           1.162     2.583    clk_wiz_0_inst/inst/sys_clk_clk_wiz_0
    MMCME2_ADV_X0Y1      MMCME2_ADV (Prop_mmcme2_adv_CLKIN1_CLKOUT0)
                                                     -7.105    -4.522 r  clk_wiz_0_inst/inst/mmcm_adv_inst/CLKOUT0
                         net (fo=1, routed)           1.599    -2.923    clk_wiz_0_inst/inst/pixel_clk_clk_wiz_0
    BUFGCTRL_X0Y16       BUFG (Prop_bufg_I_O)         0.091    -2.832 r  clk_wiz_0_inst/inst/clkout1_buf/O
                         net (fo=2662, routed)        1.552    -1.280    rgb2dvi_0_inst/U0/LockLostReset/SyncAsyncx/PixelClk
    SLICE_X43Y79         FDPE                                         r  rgb2dvi_0_inst/U0/LockLostReset/SyncAsyncx/oSyncStages_reg[0]/C

Slack:                    inf
  Source:                 buttons[reset]
                            (input port)
  Destination:            rgb2dvi_0_inst/U0/LockLostReset/SyncAsyncx/oSyncStages_reg[1]/PRE
                            (recovery check against rising-edge clock pixel_clk_clk_wiz_0  {rise@0.000ns fall@6.733ns period=13.467ns})
  Path Group:             (none)
  Path Type:              Recovery (Max at Slow Process Corner)
  Data Path Delay:        2.672ns  (logic 1.489ns (55.730%)  route 1.183ns (44.270%))
  Logic Levels:           1  (IBUF=1)
  Clock Path Skew:        -1.280ns (DCD - SCD + CPR)
    Destination Clock Delay (DCD):    -1.280ns
    Source Clock Delay      (SCD):    0.000ns
    Clock Pessimism Removal (CPR):    0.000ns
  Clock Uncertainty:      0.491ns  ((TSJ^2 + DJ^2)^1/2) / 2 + PE
    Total System Jitter     (TSJ):    0.050ns
    Discrete Jitter          (DJ):    0.240ns
    Phase Error              (PE):    0.368ns
  Timing Exception:       False Path

    Location             Delay type                Incr(ns)  Path(ns)    Netlist Resource(s)
  -------------------------------------------------------------------    -------------------
    K18                                               0.000     0.000 f  buttons[reset]
                         net (fo=0)                   0.000     0.000    buttons[reset]
    K18                  IBUF (Prop_ibuf_I_O)         1.489     1.489 f  rgb2dvi_0_inst_i_1/O
                         net (fo=43, routed)          1.183     2.672    rgb2dvi_0_inst/U0/LockLostReset/SyncAsyncx/AS[0]
    SLICE_X43Y79         FDPE                                         f  rgb2dvi_0_inst/U0/LockLostReset/SyncAsyncx/oSyncStages_reg[1]/PRE
  -------------------------------------------------------------------    -------------------

                         (clock pixel_clk_clk_wiz_0 rise edge)
                                                      0.000     0.000 r  <hidden>
    K17                                               0.000     0.000 r  sys_clk
                         net (fo=0)                   0.000     0.000    clk_wiz_0_inst/inst/sys_clk
    K17                  IBUF (Prop_ibuf_I_O)         1.421     1.421 r  clk_wiz_0_inst/inst/clkin1_ibufg/O
                         net (fo=1, routed)           1.162     2.583    clk_wiz_0_inst/inst/sys_clk_clk_wiz_0
    MMCME2_ADV_X0Y1      MMCME2_ADV (Prop_mmcme2_adv_CLKIN1_CLKOUT0)
                                                     -7.105    -4.522 r  clk_wiz_0_inst/inst/mmcm_adv_inst/CLKOUT0
                         net (fo=1, routed)           1.599    -2.923    clk_wiz_0_inst/inst/pixel_clk_clk_wiz_0
    BUFGCTRL_X0Y16       BUFG (Prop_bufg_I_O)         0.091    -2.832 r  clk_wiz_0_inst/inst/clkout1_buf/O
                         net (fo=2662, routed)        1.552    -1.280    rgb2dvi_0_inst/U0/LockLostReset/SyncAsyncx/PixelClk
    SLICE_X43Y79         FDPE                                         r  rgb2dvi_0_inst/U0/LockLostReset/SyncAsyncx/oSyncStages_reg[1]/C





Min Delay Paths
--------------------------------------------------------------------------------------
Slack:                    inf
  Source:                 buttons[reset]
                            (input port)
  Destination:            rgb2dvi_0_inst/U0/LockLostReset/SyncAsyncx/oSyncStages_reg[0]/PRE
                            (removal check against rising-edge clock pixel_clk_clk_wiz_0  {rise@0.000ns fall@6.733ns period=13.467ns})
  Path Group:             (none)
  Path Type:              Removal (Min at Fast Process Corner)
  Data Path Delay:        0.731ns  (logic 0.257ns (35.090%)  route 0.475ns (64.910%))
  Logic Levels:           1  (IBUF=1)
  Clock Path Skew:        -0.716ns (DCD - SCD - CPR)
    Destination Clock Delay (DCD):    -0.716ns
    Source Clock Delay      (SCD):    0.000ns
    Clock Pessimism Removal (CPR):    -0.000ns
  Timing Exception:       False Path

    Location             Delay type                Incr(ns)  Path(ns)    Netlist Resource(s)
  -------------------------------------------------------------------    -------------------
    K18                                               0.000     0.000 f  buttons[reset]
                         net (fo=0)                   0.000     0.000    buttons[reset]
    K18                  IBUF (Prop_ibuf_I_O)         0.257     0.257 f  rgb2dvi_0_inst_i_1/O
                         net (fo=43, routed)          0.475     0.731    rgb2dvi_0_inst/U0/LockLostReset/SyncAsyncx/AS[0]
    SLICE_X43Y79         FDPE                                         f  rgb2dvi_0_inst/U0/LockLostReset/SyncAsyncx/oSyncStages_reg[0]/PRE
  -------------------------------------------------------------------    -------------------

                         (clock pixel_clk_clk_wiz_0 rise edge)
                                                      0.000     0.000 r  <hidden>
    K17                                               0.000     0.000 r  sys_clk
                         net (fo=0)                   0.000     0.000    clk_wiz_0_inst/inst/sys_clk
    K17                  IBUF (Prop_ibuf_I_O)         0.447     0.447 r  clk_wiz_0_inst/inst/clkin1_ibufg/O
                         net (fo=1, routed)           0.480     0.927    clk_wiz_0_inst/inst/sys_clk_clk_wiz_0
    MMCME2_ADV_X0Y1      MMCME2_ADV (Prop_mmcme2_adv_CLKIN1_CLKOUT0)
                                                     -3.047    -2.120 r  clk_wiz_0_inst/inst/mmcm_adv_inst/CLKOUT0
                         net (fo=1, routed)           0.528    -1.592    clk_wiz_0_inst/inst/pixel_clk_clk_wiz_0
    BUFGCTRL_X0Y16       BUFG (Prop_bufg_I_O)         0.029    -1.563 r  clk_wiz_0_inst/inst/clkout1_buf/O
                         net (fo=2662, routed)        0.847    -0.716    rgb2dvi_0_inst/U0/LockLostReset/SyncAsyncx/PixelClk
    SLICE_X43Y79         FDPE                                         r  rgb2dvi_0_inst/U0/LockLostReset/SyncAsyncx/oSyncStages_reg[0]/C

Slack:                    inf
  Source:                 buttons[reset]
                            (input port)
  Destination:            rgb2dvi_0_inst/U0/LockLostReset/SyncAsyncx/oSyncStages_reg[1]/PRE
                            (removal check against rising-edge clock pixel_clk_clk_wiz_0  {rise@0.000ns fall@6.733ns period=13.467ns})
  Path Group:             (none)
  Path Type:              Removal (Min at Fast Process Corner)
  Data Path Delay:        0.731ns  (logic 0.257ns (35.090%)  route 0.475ns (64.910%))
  Logic Levels:           1  (IBUF=1)
  Clock Path Skew:        -0.716ns (DCD - SCD - CPR)
    Destination Clock Delay (DCD):    -0.716ns
    Source Clock Delay      (SCD):    0.000ns
    Clock Pessimism Removal (CPR):    -0.000ns
  Timing Exception:       False Path

    Location             Delay type                Incr(ns)  Path(ns)    Netlist Resource(s)
  -------------------------------------------------------------------    -------------------
    K18                                               0.000     0.000 f  buttons[reset]
                         net (fo=0)                   0.000     0.000    buttons[reset]
    K18                  IBUF (Prop_ibuf_I_O)         0.257     0.257 f  rgb2dvi_0_inst_i_1/O
                         net (fo=43, routed)          0.475     0.731    rgb2dvi_0_inst/U0/LockLostReset/SyncAsyncx/AS[0]
    SLICE_X43Y79         FDPE                                         f  rgb2dvi_0_inst/U0/LockLostReset/SyncAsyncx/oSyncStages_reg[1]/PRE
  -------------------------------------------------------------------    -------------------

                         (clock pixel_clk_clk_wiz_0 rise edge)
                                                      0.000     0.000 r  <hidden>
    K17                                               0.000     0.000 r  sys_clk
                         net (fo=0)                   0.000     0.000    clk_wiz_0_inst/inst/sys_clk
    K17                  IBUF (Prop_ibuf_I_O)         0.447     0.447 r  clk_wiz_0_inst/inst/clkin1_ibufg/O
                         net (fo=1, routed)           0.480     0.927    clk_wiz_0_inst/inst/sys_clk_clk_wiz_0
    MMCME2_ADV_X0Y1      MMCME2_ADV (Prop_mmcme2_adv_CLKIN1_CLKOUT0)
                                                     -3.047    -2.120 r  clk_wiz_0_inst/inst/mmcm_adv_inst/CLKOUT0
                         net (fo=1, routed)           0.528    -1.592    clk_wiz_0_inst/inst/pixel_clk_clk_wiz_0
    BUFGCTRL_X0Y16       BUFG (Prop_bufg_I_O)         0.029    -1.563 r  clk_wiz_0_inst/inst/clkout1_buf/O
                         net (fo=2662, routed)        0.847    -0.716    rgb2dvi_0_inst/U0/LockLostReset/SyncAsyncx/PixelClk
    SLICE_X43Y79         FDPE                                         r  rgb2dvi_0_inst/U0/LockLostReset/SyncAsyncx/oSyncStages_reg[1]/C





--------------------------------------------------------------------------------------
Path Group:  (none)
From Clock:  serial_clk_clk_wiz_0
  To Clock:  

Max Delay             8 Endpoints
Min Delay             8 Endpoints
--------------------------------------------------------------------------------------


Max Delay Paths
--------------------------------------------------------------------------------------
Slack:                    inf
  Source:                 rgb2dvi_0_inst/U0/DataEncoders[2].DataSerializer/SerializerMaster/CLK
                            (rising edge-triggered cell OSERDESE2 clocked by serial_clk_clk_wiz_0  {rise@0.000ns fall@1.347ns period=2.693ns})
  Destination:            tmds[data_n][2]
                            (output port)
  Path Group:             (none)
  Path Type:              Max at Slow Process Corner
  Data Path Delay:        2.337ns  (logic 2.336ns (99.957%)  route 0.001ns (0.043%))
  Logic Levels:           1  (OBUFDS=1)
  Clock Uncertainty:      0.468ns  ((TSJ^2 + DJ^2)^1/2) / 2 + PE
    Total System Jitter     (TSJ):    0.050ns
    Discrete Jitter          (DJ):    0.193ns
    Phase Error              (PE):    0.368ns

    Location             Delay type                Incr(ns)  Path(ns)    Netlist Resource(s)
  -------------------------------------------------------------------    -------------------
                         (clock serial_clk_clk_wiz_0 rise edge)
                                                      0.000     0.000 r  <hidden>
    K17                                               0.000     0.000 r  sys_clk
                         net (fo=0)                   0.000     0.000    clk_wiz_0_inst/inst/sys_clk
    K17                  IBUF (Prop_ibuf_I_O)         1.492     1.492 r  clk_wiz_0_inst/inst/clkin1_ibufg/O
                         net (fo=1, routed)           1.285     2.777    clk_wiz_0_inst/inst/sys_clk_clk_wiz_0
    MMCME2_ADV_X0Y1      MMCME2_ADV (Prop_mmcme2_adv_CLKIN1_CLKOUT1)
                                                     -6.996    -4.219 r  clk_wiz_0_inst/inst/mmcm_adv_inst/CLKOUT1
                         net (fo=1, routed)           1.760    -2.459    clk_wiz_0_inst/inst/serial_clk_clk_wiz_0
    BUFGCTRL_X0Y17       BUFG (Prop_bufg_I_O)         0.101    -2.358 r  clk_wiz_0_inst/inst/clkout2_buf/O
                         net (fo=8, routed)           1.762    -0.596    rgb2dvi_0_inst/U0/DataEncoders[2].DataSerializer/SerialClk
    OLOGIC_X0Y96         OSERDESE2                                    r  rgb2dvi_0_inst/U0/DataEncoders[2].DataSerializer/SerializerMaster/CLK
  -------------------------------------------------------------------    -------------------
    OLOGIC_X0Y96         OSERDESE2 (Prop_oserdese2_CLK_OQ)
                                                      0.472    -0.124 r  rgb2dvi_0_inst/U0/DataEncoders[2].DataSerializer/SerializerMaster/OQ
                         net (fo=1, routed)           0.001    -0.123    rgb2dvi_0_inst/U0/DataEncoders[2].DataSerializer/sDataOut
    B19                  OBUFDS (Prop_obufds_I_OB)    1.864     1.741 r  rgb2dvi_0_inst/U0/DataEncoders[2].DataSerializer/OutputBuffer/OB
                         net (fo=0)                   0.000     1.741    tmds[data_n][2]
    A20                                                               r  tmds[data_n][2]
  -------------------------------------------------------------------    -------------------

Slack:                    inf
  Source:                 rgb2dvi_0_inst/U0/DataEncoders[2].DataSerializer/SerializerMaster/CLK
                            (rising edge-triggered cell OSERDESE2 clocked by serial_clk_clk_wiz_0  {rise@0.000ns fall@1.347ns period=2.693ns})
  Destination:            tmds[data_p][2]
                            (output port)
  Path Group:             (none)
  Path Type:              Max at Slow Process Corner
  Data Path Delay:        2.336ns  (logic 2.335ns (99.957%)  route 0.001ns (0.043%))
  Logic Levels:           1  (OBUFDS=1)
  Clock Uncertainty:      0.468ns  ((TSJ^2 + DJ^2)^1/2) / 2 + PE
    Total System Jitter     (TSJ):    0.050ns
    Discrete Jitter          (DJ):    0.193ns
    Phase Error              (PE):    0.368ns

    Location             Delay type                Incr(ns)  Path(ns)    Netlist Resource(s)
  -------------------------------------------------------------------    -------------------
                         (clock serial_clk_clk_wiz_0 rise edge)
                                                      0.000     0.000 r  <hidden>
    K17                                               0.000     0.000 r  sys_clk
                         net (fo=0)                   0.000     0.000    clk_wiz_0_inst/inst/sys_clk
    K17                  IBUF (Prop_ibuf_I_O)         1.492     1.492 r  clk_wiz_0_inst/inst/clkin1_ibufg/O
                         net (fo=1, routed)           1.285     2.777    clk_wiz_0_inst/inst/sys_clk_clk_wiz_0
    MMCME2_ADV_X0Y1      MMCME2_ADV (Prop_mmcme2_adv_CLKIN1_CLKOUT1)
                                                     -6.996    -4.219 r  clk_wiz_0_inst/inst/mmcm_adv_inst/CLKOUT1
                         net (fo=1, routed)           1.760    -2.459    clk_wiz_0_inst/inst/serial_clk_clk_wiz_0
    BUFGCTRL_X0Y17       BUFG (Prop_bufg_I_O)         0.101    -2.358 r  clk_wiz_0_inst/inst/clkout2_buf/O
                         net (fo=8, routed)           1.762    -0.596    rgb2dvi_0_inst/U0/DataEncoders[2].DataSerializer/SerialClk
    OLOGIC_X0Y96         OSERDESE2                                    r  rgb2dvi_0_inst/U0/DataEncoders[2].DataSerializer/SerializerMaster/CLK
  -------------------------------------------------------------------    -------------------
    OLOGIC_X0Y96         OSERDESE2 (Prop_oserdese2_CLK_OQ)
                                                      0.472    -0.124 r  rgb2dvi_0_inst/U0/DataEncoders[2].DataSerializer/SerializerMaster/OQ
                         net (fo=1, routed)           0.001    -0.123    rgb2dvi_0_inst/U0/DataEncoders[2].DataSerializer/sDataOut
    B19                  OBUFDS (Prop_obufds_I_O)     1.863     1.740 r  rgb2dvi_0_inst/U0/DataEncoders[2].DataSerializer/OutputBuffer/O
                         net (fo=0)                   0.000     1.740    tmds[data_p][2]
    B19                                                               r  tmds[data_p][2]
  -------------------------------------------------------------------    -------------------

Slack:                    inf
  Source:                 rgb2dvi_0_inst/U0/DataEncoders[1].DataSerializer/SerializerMaster/CLK
                            (rising edge-triggered cell OSERDESE2 clocked by serial_clk_clk_wiz_0  {rise@0.000ns fall@1.347ns period=2.693ns})
  Destination:            tmds[data_n][1]
                            (output port)
  Path Group:             (none)
  Path Type:              Max at Slow Process Corner
  Data Path Delay:        2.332ns  (logic 2.331ns (99.957%)  route 0.001ns (0.043%))
  Logic Levels:           1  (OBUFDS=1)
  Clock Uncertainty:      0.468ns  ((TSJ^2 + DJ^2)^1/2) / 2 + PE
    Total System Jitter     (TSJ):    0.050ns
    Discrete Jitter          (DJ):    0.193ns
    Phase Error              (PE):    0.368ns

    Location             Delay type                Incr(ns)  Path(ns)    Netlist Resource(s)
  -------------------------------------------------------------------    -------------------
                         (clock serial_clk_clk_wiz_0 rise edge)
                                                      0.000     0.000 r  <hidden>
    K17                                               0.000     0.000 r  sys_clk
                         net (fo=0)                   0.000     0.000    clk_wiz_0_inst/inst/sys_clk
    K17                  IBUF (Prop_ibuf_I_O)         1.492     1.492 r  clk_wiz_0_inst/inst/clkin1_ibufg/O
                         net (fo=1, routed)           1.285     2.777    clk_wiz_0_inst/inst/sys_clk_clk_wiz_0
    MMCME2_ADV_X0Y1      MMCME2_ADV (Prop_mmcme2_adv_CLKIN1_CLKOUT1)
                                                     -6.996    -4.219 r  clk_wiz_0_inst/inst/mmcm_adv_inst/CLKOUT1
                         net (fo=1, routed)           1.760    -2.459    clk_wiz_0_inst/inst/serial_clk_clk_wiz_0
    BUFGCTRL_X0Y17       BUFG (Prop_bufg_I_O)         0.101    -2.358 r  clk_wiz_0_inst/inst/clkout2_buf/O
                         net (fo=8, routed)           1.763    -0.595    rgb2dvi_0_inst/U0/DataEncoders[1].DataSerializer/SerialClk
    OLOGIC_X0Y98         OSERDESE2                                    r  rgb2dvi_0_inst/U0/DataEncoders[1].DataSerializer/SerializerMaster/CLK
  -------------------------------------------------------------------    -------------------
    OLOGIC_X0Y98         OSERDESE2 (Prop_oserdese2_CLK_OQ)
                                                      0.472    -0.123 r  rgb2dvi_0_inst/U0/DataEncoders[1].DataSerializer/SerializerMaster/OQ
                         net (fo=1, routed)           0.001    -0.122    rgb2dvi_0_inst/U0/DataEncoders[1].DataSerializer/sDataOut
    C20                  OBUFDS (Prop_obufds_I_OB)    1.859     1.737 r  rgb2dvi_0_inst/U0/DataEncoders[1].DataSerializer/OutputBuffer/OB
                         net (fo=0)                   0.000     1.737    tmds[data_n][1]
    B20                                                               r  tmds[data_n][1]
  -------------------------------------------------------------------    -------------------

Slack:                    inf
  Source:                 rgb2dvi_0_inst/U0/DataEncoders[1].DataSerializer/SerializerMaster/CLK
                            (rising edge-triggered cell OSERDESE2 clocked by serial_clk_clk_wiz_0  {rise@0.000ns fall@1.347ns period=2.693ns})
  Destination:            tmds[data_p][1]
                            (output port)
  Path Group:             (none)
  Path Type:              Max at Slow Process Corner
  Data Path Delay:        2.331ns  (logic 2.330ns (99.957%)  route 0.001ns (0.043%))
  Logic Levels:           1  (OBUFDS=1)
  Clock Uncertainty:      0.468ns  ((TSJ^2 + DJ^2)^1/2) / 2 + PE
    Total System Jitter     (TSJ):    0.050ns
    Discrete Jitter          (DJ):    0.193ns
    Phase Error              (PE):    0.368ns

    Location             Delay type                Incr(ns)  Path(ns)    Netlist Resource(s)
  -------------------------------------------------------------------    -------------------
                         (clock serial_clk_clk_wiz_0 rise edge)
                                                      0.000     0.000 r  <hidden>
    K17                                               0.000     0.000 r  sys_clk
                         net (fo=0)                   0.000     0.000    clk_wiz_0_inst/inst/sys_clk
    K17                  IBUF (Prop_ibuf_I_O)         1.492     1.492 r  clk_wiz_0_inst/inst/clkin1_ibufg/O
                         net (fo=1, routed)           1.285     2.777    clk_wiz_0_inst/inst/sys_clk_clk_wiz_0
    MMCME2_ADV_X0Y1      MMCME2_ADV (Prop_mmcme2_adv_CLKIN1_CLKOUT1)
                                                     -6.996    -4.219 r  clk_wiz_0_inst/inst/mmcm_adv_inst/CLKOUT1
                         net (fo=1, routed)           1.760    -2.459    clk_wiz_0_inst/inst/serial_clk_clk_wiz_0
    BUFGCTRL_X0Y17       BUFG (Prop_bufg_I_O)         0.101    -2.358 r  clk_wiz_0_inst/inst/clkout2_buf/O
                         net (fo=8, routed)           1.763    -0.595    rgb2dvi_0_inst/U0/DataEncoders[1].DataSerializer/SerialClk
    OLOGIC_X0Y98         OSERDESE2                                    r  rgb2dvi_0_inst/U0/DataEncoders[1].DataSerializer/SerializerMaster/CLK
  -------------------------------------------------------------------    -------------------
    OLOGIC_X0Y98         OSERDESE2 (Prop_oserdese2_CLK_OQ)
                                                      0.472    -0.123 r  rgb2dvi_0_inst/U0/DataEncoders[1].DataSerializer/SerializerMaster/OQ
                         net (fo=1, routed)           0.001    -0.122    rgb2dvi_0_inst/U0/DataEncoders[1].DataSerializer/sDataOut
    C20                  OBUFDS (Prop_obufds_I_O)     1.858     1.736 r  rgb2dvi_0_inst/U0/DataEncoders[1].DataSerializer/OutputBuffer/O
                         net (fo=0)                   0.000     1.736    tmds[data_p][1]
    C20                                                               r  tmds[data_p][1]
  -------------------------------------------------------------------    -------------------

Slack:                    inf
  Source:                 rgb2dvi_0_inst/U0/DataEncoders[0].DataSerializer/SerializerMaster/CLK
                            (rising edge-triggered cell OSERDESE2 clocked by serial_clk_clk_wiz_0  {rise@0.000ns fall@1.347ns period=2.693ns})
  Destination:            tmds[data_n][0]
                            (output port)
  Path Group:             (none)
  Path Type:              Max at Slow Process Corner
  Data Path Delay:        2.334ns  (logic 2.333ns (99.957%)  route 0.001ns (0.043%))
  Logic Levels:           1  (OBUFDS=1)
  Clock Uncertainty:      0.468ns  ((TSJ^2 + DJ^2)^1/2) / 2 + PE
    Total System Jitter     (TSJ):    0.050ns
    Discrete Jitter          (DJ):    0.193ns
    Phase Error              (PE):    0.368ns

    Location             Delay type                Incr(ns)  Path(ns)    Netlist Resource(s)
  -------------------------------------------------------------------    -------------------
                         (clock serial_clk_clk_wiz_0 rise edge)
                                                      0.000     0.000 r  <hidden>
    K17                                               0.000     0.000 r  sys_clk
                         net (fo=0)                   0.000     0.000    clk_wiz_0_inst/inst/sys_clk
    K17                  IBUF (Prop_ibuf_I_O)         1.492     1.492 r  clk_wiz_0_inst/inst/clkin1_ibufg/O
                         net (fo=1, routed)           1.285     2.777    clk_wiz_0_inst/inst/sys_clk_clk_wiz_0
    MMCME2_ADV_X0Y1      MMCME2_ADV (Prop_mmcme2_adv_CLKIN1_CLKOUT1)
                                                     -6.996    -4.219 r  clk_wiz_0_inst/inst/mmcm_adv_inst/CLKOUT1
                         net (fo=1, routed)           1.760    -2.459    clk_wiz_0_inst/inst/serial_clk_clk_wiz_0
    BUFGCTRL_X0Y17       BUFG (Prop_bufg_I_O)         0.101    -2.358 r  clk_wiz_0_inst/inst/clkout2_buf/O
                         net (fo=8, routed)           1.760    -0.598    rgb2dvi_0_inst/U0/DataEncoders[0].DataSerializer/SerialClk
    OLOGIC_X0Y92         OSERDESE2                                    r  rgb2dvi_0_inst/U0/DataEncoders[0].DataSerializer/SerializerMaster/CLK
  -------------------------------------------------------------------    -------------------
    OLOGIC_X0Y92         OSERDESE2 (Prop_oserdese2_CLK_OQ)
                                                      0.472    -0.126 r  rgb2dvi_0_inst/U0/DataEncoders[0].DataSerializer/SerializerMaster/OQ
                         net (fo=1, routed)           0.001    -0.125    rgb2dvi_0_inst/U0/DataEncoders[0].DataSerializer/sDataOut
    D19                  OBUFDS (Prop_obufds_I_OB)    1.861     1.736 r  rgb2dvi_0_inst/U0/DataEncoders[0].DataSerializer/OutputBuffer/OB
                         net (fo=0)                   0.000     1.736    tmds[data_n][0]
    D20                                                               r  tmds[data_n][0]
  -------------------------------------------------------------------    -------------------

Slack:                    inf
  Source:                 rgb2dvi_0_inst/U0/DataEncoders[0].DataSerializer/SerializerMaster/CLK
                            (rising edge-triggered cell OSERDESE2 clocked by serial_clk_clk_wiz_0  {rise@0.000ns fall@1.347ns period=2.693ns})
  Destination:            tmds[data_p][0]
                            (output port)
  Path Group:             (none)
  Path Type:              Max at Slow Process Corner
  Data Path Delay:        2.333ns  (logic 2.332ns (99.957%)  route 0.001ns (0.043%))
  Logic Levels:           1  (OBUFDS=1)
  Clock Uncertainty:      0.468ns  ((TSJ^2 + DJ^2)^1/2) / 2 + PE
    Total System Jitter     (TSJ):    0.050ns
    Discrete Jitter          (DJ):    0.193ns
    Phase Error              (PE):    0.368ns

    Location             Delay type                Incr(ns)  Path(ns)    Netlist Resource(s)
  -------------------------------------------------------------------    -------------------
                         (clock serial_clk_clk_wiz_0 rise edge)
                                                      0.000     0.000 r  <hidden>
    K17                                               0.000     0.000 r  sys_clk
                         net (fo=0)                   0.000     0.000    clk_wiz_0_inst/inst/sys_clk
    K17                  IBUF (Prop_ibuf_I_O)         1.492     1.492 r  clk_wiz_0_inst/inst/clkin1_ibufg/O
                         net (fo=1, routed)           1.285     2.777    clk_wiz_0_inst/inst/sys_clk_clk_wiz_0
    MMCME2_ADV_X0Y1      MMCME2_ADV (Prop_mmcme2_adv_CLKIN1_CLKOUT1)
                                                     -6.996    -4.219 r  clk_wiz_0_inst/inst/mmcm_adv_inst/CLKOUT1
                         net (fo=1, routed)           1.760    -2.459    clk_wiz_0_inst/inst/serial_clk_clk_wiz_0
    BUFGCTRL_X0Y17       BUFG (Prop_bufg_I_O)         0.101    -2.358 r  clk_wiz_0_inst/inst/clkout2_buf/O
                         net (fo=8, routed)           1.760    -0.598    rgb2dvi_0_inst/U0/DataEncoders[0].DataSerializer/SerialClk
    OLOGIC_X0Y92         OSERDESE2                                    r  rgb2dvi_0_inst/U0/DataEncoders[0].DataSerializer/SerializerMaster/CLK
  -------------------------------------------------------------------    -------------------
    OLOGIC_X0Y92         OSERDESE2 (Prop_oserdese2_CLK_OQ)
                                                      0.472    -0.126 r  rgb2dvi_0_inst/U0/DataEncoders[0].DataSerializer/SerializerMaster/OQ
                         net (fo=1, routed)           0.001    -0.125    rgb2dvi_0_inst/U0/DataEncoders[0].DataSerializer/sDataOut
    D19                  OBUFDS (Prop_obufds_I_O)     1.860     1.735 r  rgb2dvi_0_inst/U0/DataEncoders[0].DataSerializer/OutputBuffer/O
                         net (fo=0)                   0.000     1.735    tmds[data_p][0]
    D19                                                               r  tmds[data_p][0]
  -------------------------------------------------------------------    -------------------

Slack:                    inf
  Source:                 rgb2dvi_0_inst/U0/ClockSerializer/SerializerMaster/CLK
                            (rising edge-triggered cell OSERDESE2 clocked by serial_clk_clk_wiz_0  {rise@0.000ns fall@1.347ns period=2.693ns})
  Destination:            tmds[clk_n]
                            (output port)
  Path Group:             (none)
  Path Type:              Max at Slow Process Corner
  Data Path Delay:        2.314ns  (logic 2.313ns (99.957%)  route 0.001ns (0.043%))
  Logic Levels:           1  (OBUFDS=1)
  Clock Uncertainty:      0.468ns  ((TSJ^2 + DJ^2)^1/2) / 2 + PE
    Total System Jitter     (TSJ):    0.050ns
    Discrete Jitter          (DJ):    0.193ns
    Phase Error              (PE):    0.368ns

    Location             Delay type                Incr(ns)  Path(ns)    Netlist Resource(s)
  -------------------------------------------------------------------    -------------------
                         (clock serial_clk_clk_wiz_0 rise edge)
                                                      0.000     0.000 r  <hidden>
    K17                                               0.000     0.000 r  sys_clk
                         net (fo=0)                   0.000     0.000    clk_wiz_0_inst/inst/sys_clk
    K17                  IBUF (Prop_ibuf_I_O)         1.492     1.492 r  clk_wiz_0_inst/inst/clkin1_ibufg/O
                         net (fo=1, routed)           1.285     2.777    clk_wiz_0_inst/inst/sys_clk_clk_wiz_0
    MMCME2_ADV_X0Y1      MMCME2_ADV (Prop_mmcme2_adv_CLKIN1_CLKOUT1)
                                                     -6.996    -4.219 r  clk_wiz_0_inst/inst/mmcm_adv_inst/CLKOUT1
                         net (fo=1, routed)           1.760    -2.459    clk_wiz_0_inst/inst/serial_clk_clk_wiz_0
    BUFGCTRL_X0Y17       BUFG (Prop_bufg_I_O)         0.101    -2.358 r  clk_wiz_0_inst/inst/clkout2_buf/O
                         net (fo=8, routed)           1.744    -0.614    rgb2dvi_0_inst/U0/ClockSerializer/SerialClk
    OLOGIC_X0Y74         OSERDESE2                                    r  rgb2dvi_0_inst/U0/ClockSerializer/SerializerMaster/CLK
  -------------------------------------------------------------------    -------------------
    OLOGIC_X0Y74         OSERDESE2 (Prop_oserdese2_CLK_OQ)
                                                      0.472    -0.142 r  rgb2dvi_0_inst/U0/ClockSerializer/SerializerMaster/OQ
                         net (fo=1, routed)           0.001    -0.141    rgb2dvi_0_inst/U0/ClockSerializer/sDataOut
    H16                  OBUFDS (Prop_obufds_I_OB)    1.841     1.700 r  rgb2dvi_0_inst/U0/ClockSerializer/OutputBuffer/OB
                         net (fo=0)                   0.000     1.700    tmds[clk_n]
    H17                                                               r  tmds[clk_n]
  -------------------------------------------------------------------    -------------------

Slack:                    inf
  Source:                 rgb2dvi_0_inst/U0/ClockSerializer/SerializerMaster/CLK
                            (rising edge-triggered cell OSERDESE2 clocked by serial_clk_clk_wiz_0  {rise@0.000ns fall@1.347ns period=2.693ns})
  Destination:            tmds[clk_p]
                            (output port)
  Path Group:             (none)
  Path Type:              Max at Slow Process Corner
  Data Path Delay:        2.313ns  (logic 2.312ns (99.957%)  route 0.001ns (0.043%))
  Logic Levels:           1  (OBUFDS=1)
  Clock Uncertainty:      0.468ns  ((TSJ^2 + DJ^2)^1/2) / 2 + PE
    Total System Jitter     (TSJ):    0.050ns
    Discrete Jitter          (DJ):    0.193ns
    Phase Error              (PE):    0.368ns

    Location             Delay type                Incr(ns)  Path(ns)    Netlist Resource(s)
  -------------------------------------------------------------------    -------------------
                         (clock serial_clk_clk_wiz_0 rise edge)
                                                      0.000     0.000 r  <hidden>
    K17                                               0.000     0.000 r  sys_clk
                         net (fo=0)                   0.000     0.000    clk_wiz_0_inst/inst/sys_clk
    K17                  IBUF (Prop_ibuf_I_O)         1.492     1.492 r  clk_wiz_0_inst/inst/clkin1_ibufg/O
                         net (fo=1, routed)           1.285     2.777    clk_wiz_0_inst/inst/sys_clk_clk_wiz_0
    MMCME2_ADV_X0Y1      MMCME2_ADV (Prop_mmcme2_adv_CLKIN1_CLKOUT1)
                                                     -6.996    -4.219 r  clk_wiz_0_inst/inst/mmcm_adv_inst/CLKOUT1
                         net (fo=1, routed)           1.760    -2.459    clk_wiz_0_inst/inst/serial_clk_clk_wiz_0
    BUFGCTRL_X0Y17       BUFG (Prop_bufg_I_O)         0.101    -2.358 r  clk_wiz_0_inst/inst/clkout2_buf/O
                         net (fo=8, routed)           1.744    -0.614    rgb2dvi_0_inst/U0/ClockSerializer/SerialClk
    OLOGIC_X0Y74         OSERDESE2                                    r  rgb2dvi_0_inst/U0/ClockSerializer/SerializerMaster/CLK
  -------------------------------------------------------------------    -------------------
    OLOGIC_X0Y74         OSERDESE2 (Prop_oserdese2_CLK_OQ)
                                                      0.472    -0.142 r  rgb2dvi_0_inst/U0/ClockSerializer/SerializerMaster/OQ
                         net (fo=1, routed)           0.001    -0.141    rgb2dvi_0_inst/U0/ClockSerializer/sDataOut
    H16                  OBUFDS (Prop_obufds_I_O)     1.840     1.699 r  rgb2dvi_0_inst/U0/ClockSerializer/OutputBuffer/O
                         net (fo=0)                   0.000     1.699    tmds[clk_p]
    H16                                                               r  tmds[clk_p]
  -------------------------------------------------------------------    -------------------





Min Delay Paths
--------------------------------------------------------------------------------------
Slack:                    inf
  Source:                 rgb2dvi_0_inst/U0/ClockSerializer/SerializerMaster/CLK
                            (rising edge-triggered cell OSERDESE2 clocked by serial_clk_clk_wiz_0  {rise@0.000ns fall@1.347ns period=2.693ns})
  Destination:            tmds[clk_p]
                            (output port)
  Path Group:             (none)
  Path Type:              Min at Fast Process Corner
  Data Path Delay:        0.967ns  (logic 0.966ns (99.897%)  route 0.001ns (0.103%))
  Logic Levels:           1  (OBUFDS=1)
  Clock Uncertainty:      0.468ns  ((TSJ^2 + DJ^2)^1/2) / 2 + PE
    Total System Jitter     (TSJ):    0.050ns
    Discrete Jitter          (DJ):    0.193ns
    Phase Error              (PE):    0.368ns

    Location             Delay type                Incr(ns)  Path(ns)    Netlist Resource(s)
  -------------------------------------------------------------------    -------------------
                         (clock serial_clk_clk_wiz_0 rise edge)
                                                      0.000     0.000 r  <hidden>
    K17                                               0.000     0.000 r  sys_clk
                         net (fo=0)                   0.000     0.000    clk_wiz_0_inst/inst/sys_clk
    K17                  IBUF (Prop_ibuf_I_O)         0.259     0.259 r  clk_wiz_0_inst/inst/clkin1_ibufg/O
                         net (fo=1, routed)           0.440     0.700    clk_wiz_0_inst/inst/sys_clk_clk_wiz_0
    MMCME2_ADV_X0Y1      MMCME2_ADV (Prop_mmcme2_adv_CLKIN1_CLKOUT1)
                                                     -2.268    -1.568 r  clk_wiz_0_inst/inst/mmcm_adv_inst/CLKOUT1
                         net (fo=1, routed)           0.482    -1.086    clk_wiz_0_inst/inst/serial_clk_clk_wiz_0
    BUFGCTRL_X0Y17       BUFG (Prop_bufg_I_O)         0.026    -1.060 r  clk_wiz_0_inst/inst/clkout2_buf/O
                         net (fo=8, routed)           0.571    -0.489    rgb2dvi_0_inst/U0/ClockSerializer/SerialClk
    OLOGIC_X0Y74         OSERDESE2                                    r  rgb2dvi_0_inst/U0/ClockSerializer/SerializerMaster/CLK
  -------------------------------------------------------------------    -------------------
    OLOGIC_X0Y74         OSERDESE2 (Prop_oserdese2_CLK_OQ)
                                                      0.177    -0.312 r  rgb2dvi_0_inst/U0/ClockSerializer/SerializerMaster/OQ
                         net (fo=1, routed)           0.001    -0.311    rgb2dvi_0_inst/U0/ClockSerializer/sDataOut
    H16                  OBUFDS (Prop_obufds_I_O)     0.789     0.478 r  rgb2dvi_0_inst/U0/ClockSerializer/OutputBuffer/O
                         net (fo=0)                   0.000     0.478    tmds[clk_p]
    H16                                                               r  tmds[clk_p]
  -------------------------------------------------------------------    -------------------

Slack:                    inf
  Source:                 rgb2dvi_0_inst/U0/ClockSerializer/SerializerMaster/CLK
                            (rising edge-triggered cell OSERDESE2 clocked by serial_clk_clk_wiz_0  {rise@0.000ns fall@1.347ns period=2.693ns})
  Destination:            tmds[clk_n]
                            (output port)
  Path Group:             (none)
  Path Type:              Min at Fast Process Corner
  Data Path Delay:        0.968ns  (logic 0.967ns (99.897%)  route 0.001ns (0.103%))
  Logic Levels:           1  (OBUFDS=1)
  Clock Uncertainty:      0.468ns  ((TSJ^2 + DJ^2)^1/2) / 2 + PE
    Total System Jitter     (TSJ):    0.050ns
    Discrete Jitter          (DJ):    0.193ns
    Phase Error              (PE):    0.368ns

    Location             Delay type                Incr(ns)  Path(ns)    Netlist Resource(s)
  -------------------------------------------------------------------    -------------------
                         (clock serial_clk_clk_wiz_0 rise edge)
                                                      0.000     0.000 r  <hidden>
    K17                                               0.000     0.000 r  sys_clk
                         net (fo=0)                   0.000     0.000    clk_wiz_0_inst/inst/sys_clk
    K17                  IBUF (Prop_ibuf_I_O)         0.259     0.259 r  clk_wiz_0_inst/inst/clkin1_ibufg/O
                         net (fo=1, routed)           0.440     0.700    clk_wiz_0_inst/inst/sys_clk_clk_wiz_0
    MMCME2_ADV_X0Y1      MMCME2_ADV (Prop_mmcme2_adv_CLKIN1_CLKOUT1)
                                                     -2.268    -1.568 r  clk_wiz_0_inst/inst/mmcm_adv_inst/CLKOUT1
                         net (fo=1, routed)           0.482    -1.086    clk_wiz_0_inst/inst/serial_clk_clk_wiz_0
    BUFGCTRL_X0Y17       BUFG (Prop_bufg_I_O)         0.026    -1.060 r  clk_wiz_0_inst/inst/clkout2_buf/O
                         net (fo=8, routed)           0.571    -0.489    rgb2dvi_0_inst/U0/ClockSerializer/SerialClk
    OLOGIC_X0Y74         OSERDESE2                                    r  rgb2dvi_0_inst/U0/ClockSerializer/SerializerMaster/CLK
  -------------------------------------------------------------------    -------------------
    OLOGIC_X0Y74         OSERDESE2 (Prop_oserdese2_CLK_OQ)
                                                      0.177    -0.312 r  rgb2dvi_0_inst/U0/ClockSerializer/SerializerMaster/OQ
                         net (fo=1, routed)           0.001    -0.311    rgb2dvi_0_inst/U0/ClockSerializer/sDataOut
    H16                  OBUFDS (Prop_obufds_I_OB)    0.790     0.479 r  rgb2dvi_0_inst/U0/ClockSerializer/OutputBuffer/OB
                         net (fo=0)                   0.000     0.479    tmds[clk_n]
    H17                                                               r  tmds[clk_n]
  -------------------------------------------------------------------    -------------------

Slack:                    inf
  Source:                 rgb2dvi_0_inst/U0/DataEncoders[0].DataSerializer/SerializerMaster/CLK
                            (rising edge-triggered cell OSERDESE2 clocked by serial_clk_clk_wiz_0  {rise@0.000ns fall@1.347ns period=2.693ns})
  Destination:            tmds[data_p][0]
                            (output port)
  Path Group:             (none)
  Path Type:              Min at Fast Process Corner
  Data Path Delay:        0.987ns  (logic 0.986ns (99.899%)  route 0.001ns (0.101%))
  Logic Levels:           1  (OBUFDS=1)
  Clock Uncertainty:      0.468ns  ((TSJ^2 + DJ^2)^1/2) / 2 + PE
    Total System Jitter     (TSJ):    0.050ns
    Discrete Jitter          (DJ):    0.193ns
    Phase Error              (PE):    0.368ns

    Location             Delay type                Incr(ns)  Path(ns)    Netlist Resource(s)
  -------------------------------------------------------------------    -------------------
                         (clock serial_clk_clk_wiz_0 rise edge)
                                                      0.000     0.000 r  <hidden>
    K17                                               0.000     0.000 r  sys_clk
                         net (fo=0)                   0.000     0.000    clk_wiz_0_inst/inst/sys_clk
    K17                  IBUF (Prop_ibuf_I_O)         0.259     0.259 r  clk_wiz_0_inst/inst/clkin1_ibufg/O
                         net (fo=1, routed)           0.440     0.700    clk_wiz_0_inst/inst/sys_clk_clk_wiz_0
    MMCME2_ADV_X0Y1      MMCME2_ADV (Prop_mmcme2_adv_CLKIN1_CLKOUT1)
                                                     -2.268    -1.568 r  clk_wiz_0_inst/inst/mmcm_adv_inst/CLKOUT1
                         net (fo=1, routed)           0.482    -1.086    clk_wiz_0_inst/inst/serial_clk_clk_wiz_0
    BUFGCTRL_X0Y17       BUFG (Prop_bufg_I_O)         0.026    -1.060 r  clk_wiz_0_inst/inst/clkout2_buf/O
                         net (fo=8, routed)           0.578    -0.482    rgb2dvi_0_inst/U0/DataEncoders[0].DataSerializer/SerialClk
    OLOGIC_X0Y92         OSERDESE2                                    r  rgb2dvi_0_inst/U0/DataEncoders[0].DataSerializer/SerializerMaster/CLK
  -------------------------------------------------------------------    -------------------
    OLOGIC_X0Y92         OSERDESE2 (Prop_oserdese2_CLK_OQ)
                                                      0.177    -0.305 r  rgb2dvi_0_inst/U0/DataEncoders[0].DataSerializer/SerializerMaster/OQ
                         net (fo=1, routed)           0.001    -0.304    rgb2dvi_0_inst/U0/DataEncoders[0].DataSerializer/sDataOut
    D19                  OBUFDS (Prop_obufds_I_O)     0.809     0.505 r  rgb2dvi_0_inst/U0/DataEncoders[0].DataSerializer/OutputBuffer/O
                         net (fo=0)                   0.000     0.505    tmds[data_p][0]
    D19                                                               r  tmds[data_p][0]
  -------------------------------------------------------------------    -------------------

Slack:                    inf
  Source:                 rgb2dvi_0_inst/U0/DataEncoders[1].DataSerializer/SerializerMaster/CLK
                            (rising edge-triggered cell OSERDESE2 clocked by serial_clk_clk_wiz_0  {rise@0.000ns fall@1.347ns period=2.693ns})
  Destination:            tmds[data_p][1]
                            (output port)
  Path Group:             (none)
  Path Type:              Min at Fast Process Corner
  Data Path Delay:        0.985ns  (logic 0.984ns (99.898%)  route 0.001ns (0.102%))
  Logic Levels:           1  (OBUFDS=1)
  Clock Uncertainty:      0.468ns  ((TSJ^2 + DJ^2)^1/2) / 2 + PE
    Total System Jitter     (TSJ):    0.050ns
    Discrete Jitter          (DJ):    0.193ns
    Phase Error              (PE):    0.368ns

    Location             Delay type                Incr(ns)  Path(ns)    Netlist Resource(s)
  -------------------------------------------------------------------    -------------------
                         (clock serial_clk_clk_wiz_0 rise edge)
                                                      0.000     0.000 r  <hidden>
    K17                                               0.000     0.000 r  sys_clk
                         net (fo=0)                   0.000     0.000    clk_wiz_0_inst/inst/sys_clk
    K17                  IBUF (Prop_ibuf_I_O)         0.259     0.259 r  clk_wiz_0_inst/inst/clkin1_ibufg/O
                         net (fo=1, routed)           0.440     0.700    clk_wiz_0_inst/inst/sys_clk_clk_wiz_0
    MMCME2_ADV_X0Y1      MMCME2_ADV (Prop_mmcme2_adv_CLKIN1_CLKOUT1)
                                                     -2.268    -1.568 r  clk_wiz_0_inst/inst/mmcm_adv_inst/CLKOUT1
                         net (fo=1, routed)           0.482    -1.086    clk_wiz_0_inst/inst/serial_clk_clk_wiz_0
    BUFGCTRL_X0Y17       BUFG (Prop_bufg_I_O)         0.026    -1.060 r  clk_wiz_0_inst/inst/clkout2_buf/O
                         net (fo=8, routed)           0.580    -0.480    rgb2dvi_0_inst/U0/DataEncoders[1].DataSerializer/SerialClk
    OLOGIC_X0Y98         OSERDESE2                                    r  rgb2dvi_0_inst/U0/DataEncoders[1].DataSerializer/SerializerMaster/CLK
  -------------------------------------------------------------------    -------------------
    OLOGIC_X0Y98         OSERDESE2 (Prop_oserdese2_CLK_OQ)
                                                      0.177    -0.303 r  rgb2dvi_0_inst/U0/DataEncoders[1].DataSerializer/SerializerMaster/OQ
                         net (fo=1, routed)           0.001    -0.302    rgb2dvi_0_inst/U0/DataEncoders[1].DataSerializer/sDataOut
    C20                  OBUFDS (Prop_obufds_I_O)     0.807     0.505 r  rgb2dvi_0_inst/U0/DataEncoders[1].DataSerializer/OutputBuffer/O
                         net (fo=0)                   0.000     0.505    tmds[data_p][1]
    C20                                                               r  tmds[data_p][1]
  -------------------------------------------------------------------    -------------------

Slack:                    inf
  Source:                 rgb2dvi_0_inst/U0/DataEncoders[0].DataSerializer/SerializerMaster/CLK
                            (rising edge-triggered cell OSERDESE2 clocked by serial_clk_clk_wiz_0  {rise@0.000ns fall@1.347ns period=2.693ns})
  Destination:            tmds[data_n][0]
                            (output port)
  Path Group:             (none)
  Path Type:              Min at Fast Process Corner
  Data Path Delay:        0.988ns  (logic 0.987ns (99.899%)  route 0.001ns (0.101%))
  Logic Levels:           1  (OBUFDS=1)
  Clock Uncertainty:      0.468ns  ((TSJ^2 + DJ^2)^1/2) / 2 + PE
    Total System Jitter     (TSJ):    0.050ns
    Discrete Jitter          (DJ):    0.193ns
    Phase Error              (PE):    0.368ns

    Location             Delay type                Incr(ns)  Path(ns)    Netlist Resource(s)
  -------------------------------------------------------------------    -------------------
                         (clock serial_clk_clk_wiz_0 rise edge)
                                                      0.000     0.000 r  <hidden>
    K17                                               0.000     0.000 r  sys_clk
                         net (fo=0)                   0.000     0.000    clk_wiz_0_inst/inst/sys_clk
    K17                  IBUF (Prop_ibuf_I_O)         0.259     0.259 r  clk_wiz_0_inst/inst/clkin1_ibufg/O
                         net (fo=1, routed)           0.440     0.700    clk_wiz_0_inst/inst/sys_clk_clk_wiz_0
    MMCME2_ADV_X0Y1      MMCME2_ADV (Prop_mmcme2_adv_CLKIN1_CLKOUT1)
                                                     -2.268    -1.568 r  clk_wiz_0_inst/inst/mmcm_adv_inst/CLKOUT1
                         net (fo=1, routed)           0.482    -1.086    clk_wiz_0_inst/inst/serial_clk_clk_wiz_0
    BUFGCTRL_X0Y17       BUFG (Prop_bufg_I_O)         0.026    -1.060 r  clk_wiz_0_inst/inst/clkout2_buf/O
                         net (fo=8, routed)           0.578    -0.482    rgb2dvi_0_inst/U0/DataEncoders[0].DataSerializer/SerialClk
    OLOGIC_X0Y92         OSERDESE2                                    r  rgb2dvi_0_inst/U0/DataEncoders[0].DataSerializer/SerializerMaster/CLK
  -------------------------------------------------------------------    -------------------
    OLOGIC_X0Y92         OSERDESE2 (Prop_oserdese2_CLK_OQ)
                                                      0.177    -0.305 r  rgb2dvi_0_inst/U0/DataEncoders[0].DataSerializer/SerializerMaster/OQ
                         net (fo=1, routed)           0.001    -0.304    rgb2dvi_0_inst/U0/DataEncoders[0].DataSerializer/sDataOut
    D19                  OBUFDS (Prop_obufds_I_OB)    0.810     0.506 r  rgb2dvi_0_inst/U0/DataEncoders[0].DataSerializer/OutputBuffer/OB
                         net (fo=0)                   0.000     0.506    tmds[data_n][0]
    D20                                                               r  tmds[data_n][0]
  -------------------------------------------------------------------    -------------------

Slack:                    inf
  Source:                 rgb2dvi_0_inst/U0/DataEncoders[1].DataSerializer/SerializerMaster/CLK
                            (rising edge-triggered cell OSERDESE2 clocked by serial_clk_clk_wiz_0  {rise@0.000ns fall@1.347ns period=2.693ns})
  Destination:            tmds[data_n][1]
                            (output port)
  Path Group:             (none)
  Path Type:              Min at Fast Process Corner
  Data Path Delay:        0.986ns  (logic 0.985ns (99.899%)  route 0.001ns (0.101%))
  Logic Levels:           1  (OBUFDS=1)
  Clock Uncertainty:      0.468ns  ((TSJ^2 + DJ^2)^1/2) / 2 + PE
    Total System Jitter     (TSJ):    0.050ns
    Discrete Jitter          (DJ):    0.193ns
    Phase Error              (PE):    0.368ns

    Location             Delay type                Incr(ns)  Path(ns)    Netlist Resource(s)
  -------------------------------------------------------------------    -------------------
                         (clock serial_clk_clk_wiz_0 rise edge)
                                                      0.000     0.000 r  <hidden>
    K17                                               0.000     0.000 r  sys_clk
                         net (fo=0)                   0.000     0.000    clk_wiz_0_inst/inst/sys_clk
    K17                  IBUF (Prop_ibuf_I_O)         0.259     0.259 r  clk_wiz_0_inst/inst/clkin1_ibufg/O
                         net (fo=1, routed)           0.440     0.700    clk_wiz_0_inst/inst/sys_clk_clk_wiz_0
    MMCME2_ADV_X0Y1      MMCME2_ADV (Prop_mmcme2_adv_CLKIN1_CLKOUT1)
                                                     -2.268    -1.568 r  clk_wiz_0_inst/inst/mmcm_adv_inst/CLKOUT1
                         net (fo=1, routed)           0.482    -1.086    clk_wiz_0_inst/inst/serial_clk_clk_wiz_0
    BUFGCTRL_X0Y17       BUFG (Prop_bufg_I_O)         0.026    -1.060 r  clk_wiz_0_inst/inst/clkout2_buf/O
                         net (fo=8, routed)           0.580    -0.480    rgb2dvi_0_inst/U0/DataEncoders[1].DataSerializer/SerialClk
    OLOGIC_X0Y98         OSERDESE2                                    r  rgb2dvi_0_inst/U0/DataEncoders[1].DataSerializer/SerializerMaster/CLK
  -------------------------------------------------------------------    -------------------
    OLOGIC_X0Y98         OSERDESE2 (Prop_oserdese2_CLK_OQ)
                                                      0.177    -0.303 r  rgb2dvi_0_inst/U0/DataEncoders[1].DataSerializer/SerializerMaster/OQ
                         net (fo=1, routed)           0.001    -0.302    rgb2dvi_0_inst/U0/DataEncoders[1].DataSerializer/sDataOut
    C20                  OBUFDS (Prop_obufds_I_OB)    0.808     0.506 r  rgb2dvi_0_inst/U0/DataEncoders[1].DataSerializer/OutputBuffer/OB
                         net (fo=0)                   0.000     0.506    tmds[data_n][1]
    B20                                                               r  tmds[data_n][1]
  -------------------------------------------------------------------    -------------------

Slack:                    inf
  Source:                 rgb2dvi_0_inst/U0/DataEncoders[2].DataSerializer/SerializerMaster/CLK
                            (rising edge-triggered cell OSERDESE2 clocked by serial_clk_clk_wiz_0  {rise@0.000ns fall@1.347ns period=2.693ns})
  Destination:            tmds[data_p][2]
                            (output port)
  Path Group:             (none)
  Path Type:              Min at Fast Process Corner
  Data Path Delay:        0.990ns  (logic 0.989ns (99.899%)  route 0.001ns (0.101%))
  Logic Levels:           1  (OBUFDS=1)
  Clock Uncertainty:      0.468ns  ((TSJ^2 + DJ^2)^1/2) / 2 + PE
    Total System Jitter     (TSJ):    0.050ns
    Discrete Jitter          (DJ):    0.193ns
    Phase Error              (PE):    0.368ns

    Location             Delay type                Incr(ns)  Path(ns)    Netlist Resource(s)
  -------------------------------------------------------------------    -------------------
                         (clock serial_clk_clk_wiz_0 rise edge)
                                                      0.000     0.000 r  <hidden>
    K17                                               0.000     0.000 r  sys_clk
                         net (fo=0)                   0.000     0.000    clk_wiz_0_inst/inst/sys_clk
    K17                  IBUF (Prop_ibuf_I_O)         0.259     0.259 r  clk_wiz_0_inst/inst/clkin1_ibufg/O
                         net (fo=1, routed)           0.440     0.700    clk_wiz_0_inst/inst/sys_clk_clk_wiz_0
    MMCME2_ADV_X0Y1      MMCME2_ADV (Prop_mmcme2_adv_CLKIN1_CLKOUT1)
                                                     -2.268    -1.568 r  clk_wiz_0_inst/inst/mmcm_adv_inst/CLKOUT1
                         net (fo=1, routed)           0.482    -1.086    clk_wiz_0_inst/inst/serial_clk_clk_wiz_0
    BUFGCTRL_X0Y17       BUFG (Prop_bufg_I_O)         0.026    -1.060 r  clk_wiz_0_inst/inst/clkout2_buf/O
                         net (fo=8, routed)           0.579    -0.481    rgb2dvi_0_inst/U0/DataEncoders[2].DataSerializer/SerialClk
    OLOGIC_X0Y96         OSERDESE2                                    r  rgb2dvi_0_inst/U0/DataEncoders[2].DataSerializer/SerializerMaster/CLK
  -------------------------------------------------------------------    -------------------
    OLOGIC_X0Y96         OSERDESE2 (Prop_oserdese2_CLK_OQ)
                                                      0.177    -0.304 r  rgb2dvi_0_inst/U0/DataEncoders[2].DataSerializer/SerializerMaster/OQ
                         net (fo=1, routed)           0.001    -0.303    rgb2dvi_0_inst/U0/DataEncoders[2].DataSerializer/sDataOut
    B19                  OBUFDS (Prop_obufds_I_O)     0.812     0.508 r  rgb2dvi_0_inst/U0/DataEncoders[2].DataSerializer/OutputBuffer/O
                         net (fo=0)                   0.000     0.508    tmds[data_p][2]
    B19                                                               r  tmds[data_p][2]
  -------------------------------------------------------------------    -------------------

Slack:                    inf
  Source:                 rgb2dvi_0_inst/U0/DataEncoders[2].DataSerializer/SerializerMaster/CLK
                            (rising edge-triggered cell OSERDESE2 clocked by serial_clk_clk_wiz_0  {rise@0.000ns fall@1.347ns period=2.693ns})
  Destination:            tmds[data_n][2]
                            (output port)
  Path Group:             (none)
  Path Type:              Min at Fast Process Corner
  Data Path Delay:        0.991ns  (logic 0.990ns (99.899%)  route 0.001ns (0.101%))
  Logic Levels:           1  (OBUFDS=1)
  Clock Uncertainty:      0.468ns  ((TSJ^2 + DJ^2)^1/2) / 2 + PE
    Total System Jitter     (TSJ):    0.050ns
    Discrete Jitter          (DJ):    0.193ns
    Phase Error              (PE):    0.368ns

    Location             Delay type                Incr(ns)  Path(ns)    Netlist Resource(s)
  -------------------------------------------------------------------    -------------------
                         (clock serial_clk_clk_wiz_0 rise edge)
                                                      0.000     0.000 r  <hidden>
    K17                                               0.000     0.000 r  sys_clk
                         net (fo=0)                   0.000     0.000    clk_wiz_0_inst/inst/sys_clk
    K17                  IBUF (Prop_ibuf_I_O)         0.259     0.259 r  clk_wiz_0_inst/inst/clkin1_ibufg/O
                         net (fo=1, routed)           0.440     0.700    clk_wiz_0_inst/inst/sys_clk_clk_wiz_0
    MMCME2_ADV_X0Y1      MMCME2_ADV (Prop_mmcme2_adv_CLKIN1_CLKOUT1)
                                                     -2.268    -1.568 r  clk_wiz_0_inst/inst/mmcm_adv_inst/CLKOUT1
                         net (fo=1, routed)           0.482    -1.086    clk_wiz_0_inst/inst/serial_clk_clk_wiz_0
    BUFGCTRL_X0Y17       BUFG (Prop_bufg_I_O)         0.026    -1.060 r  clk_wiz_0_inst/inst/clkout2_buf/O
                         net (fo=8, routed)           0.579    -0.481    rgb2dvi_0_inst/U0/DataEncoders[2].DataSerializer/SerialClk
    OLOGIC_X0Y96         OSERDESE2                                    r  rgb2dvi_0_inst/U0/DataEncoders[2].DataSerializer/SerializerMaster/CLK
  -------------------------------------------------------------------    -------------------
    OLOGIC_X0Y96         OSERDESE2 (Prop_oserdese2_CLK_OQ)
                                                      0.177    -0.304 r  rgb2dvi_0_inst/U0/DataEncoders[2].DataSerializer/SerializerMaster/OQ
                         net (fo=1, routed)           0.001    -0.303    rgb2dvi_0_inst/U0/DataEncoders[2].DataSerializer/sDataOut
    B19                  OBUFDS (Prop_obufds_I_OB)    0.813     0.509 r  rgb2dvi_0_inst/U0/DataEncoders[2].DataSerializer/OutputBuffer/OB
                         net (fo=0)                   0.000     0.509    tmds[data_n][2]
    A20                                                               r  tmds[data_n][2]
  -------------------------------------------------------------------    -------------------





--------------------------------------------------------------------------------------
Path Group:  (none)
From Clock:  
  To Clock:  pixel_clk_clk_wiz_0

Max Delay           961 Endpoints
Min Delay           961 Endpoints
--------------------------------------------------------------------------------------


Max Delay Paths
--------------------------------------------------------------------------------------
Slack:                    inf
  Source:                 buttons[reset]
                            (input port)
  Destination:            triangle_inst/s2_reg[wbn2][2][23]/CE
                            (rising edge-triggered cell FDRE clocked by pixel_clk_clk_wiz_0  {rise@0.000ns fall@6.733ns period=13.467ns})
  Path Group:             (none)
  Path Type:              Setup (Max at Slow Process Corner)
  Data Path Delay:        7.113ns  (logic 1.607ns (22.590%)  route 5.506ns (77.410%))
  Logic Levels:           2  (IBUF=1 LUT1=1)
  Clock Path Skew:        -1.340ns (DCD - SCD + CPR)
    Destination Clock Delay (DCD):    -1.340ns
    Source Clock Delay      (SCD):    0.000ns
    Clock Pessimism Removal (CPR):    0.000ns
  Clock Uncertainty:      0.491ns  ((TSJ^2 + DJ^2)^1/2) / 2 + PE
    Total System Jitter     (TSJ):    0.050ns
    Discrete Jitter          (DJ):    0.240ns
    Phase Error              (PE):    0.368ns

    Location             Delay type                Incr(ns)  Path(ns)    Netlist Resource(s)
  -------------------------------------------------------------------    -------------------
    K18                                               0.000     0.000 f  buttons[reset]
                         net (fo=0)                   0.000     0.000    buttons[reset]
    K18                  IBUF (Prop_ibuf_I_O)         1.489     1.489 f  rgb2dvi_0_inst_i_1/O
                         net (fo=43, routed)          1.988     3.477    triangle_inst/hit_reg_0
    SLICE_X26Y74         LUT1 (Prop_lut1_I0_O)        0.118     3.595 r  triangle_inst/v_tc_0_inst_i_1/O
                         net (fo=536, routed)         3.519     7.113    triangle_inst/resetn
    SLICE_X12Y60         FDRE                                         r  triangle_inst/s2_reg[wbn2][2][23]/CE
  -------------------------------------------------------------------    -------------------

                         (clock pixel_clk_clk_wiz_0 rise edge)
                                                      0.000     0.000 r  <hidden>
    K17                                               0.000     0.000 r  sys_clk
                         net (fo=0)                   0.000     0.000    clk_wiz_0_inst/inst/sys_clk
    K17                  IBUF (Prop_ibuf_I_O)         1.421     1.421 r  clk_wiz_0_inst/inst/clkin1_ibufg/O
                         net (fo=1, routed)           1.162     2.583    clk_wiz_0_inst/inst/sys_clk_clk_wiz_0
    MMCME2_ADV_X0Y1      MMCME2_ADV (Prop_mmcme2_adv_CLKIN1_CLKOUT0)
                                                     -7.105    -4.522 r  clk_wiz_0_inst/inst/mmcm_adv_inst/CLKOUT0
                         net (fo=1, routed)           1.599    -2.923    clk_wiz_0_inst/inst/pixel_clk_clk_wiz_0
    BUFGCTRL_X0Y16       BUFG (Prop_bufg_I_O)         0.091    -2.832 r  clk_wiz_0_inst/inst/clkout1_buf/O
                         net (fo=2662, routed)        1.492    -1.340    triangle_inst/pixel_clk
    SLICE_X12Y60         FDRE                                         r  triangle_inst/s2_reg[wbn2][2][23]/C

Slack:                    inf
  Source:                 buttons[reset]
                            (input port)
  Destination:            triangle_inst/s3_reg[d][25]/CE
                            (rising edge-triggered cell FDRE clocked by pixel_clk_clk_wiz_0  {rise@0.000ns fall@6.733ns period=13.467ns})
  Path Group:             (none)
  Path Type:              Setup (Max at Slow Process Corner)
  Data Path Delay:        7.099ns  (logic 1.607ns (22.634%)  route 5.492ns (77.366%))
  Logic Levels:           2  (IBUF=1 LUT1=1)
  Clock Path Skew:        -1.348ns (DCD - SCD + CPR)
    Destination Clock Delay (DCD):    -1.348ns
    Source Clock Delay      (SCD):    0.000ns
    Clock Pessimism Removal (CPR):    0.000ns
  Clock Uncertainty:      0.491ns  ((TSJ^2 + DJ^2)^1/2) / 2 + PE
    Total System Jitter     (TSJ):    0.050ns
    Discrete Jitter          (DJ):    0.240ns
    Phase Error              (PE):    0.368ns

    Location             Delay type                Incr(ns)  Path(ns)    Netlist Resource(s)
  -------------------------------------------------------------------    -------------------
    K18                                               0.000     0.000 f  buttons[reset]
                         net (fo=0)                   0.000     0.000    buttons[reset]
    K18                  IBUF (Prop_ibuf_I_O)         1.489     1.489 f  rgb2dvi_0_inst_i_1/O
                         net (fo=43, routed)          1.988     3.477    triangle_inst/hit_reg_0
    SLICE_X26Y74         LUT1 (Prop_lut1_I0_O)        0.118     3.595 r  triangle_inst/v_tc_0_inst_i_1/O
                         net (fo=536, routed)         3.505     7.099    triangle_inst/resetn
    SLICE_X13Y81         FDRE                                         r  triangle_inst/s3_reg[d][25]/CE
  -------------------------------------------------------------------    -------------------

                         (clock pixel_clk_clk_wiz_0 rise edge)
                                                      0.000     0.000 r  <hidden>
    K17                                               0.000     0.000 r  sys_clk
                         net (fo=0)                   0.000     0.000    clk_wiz_0_inst/inst/sys_clk
    K17                  IBUF (Prop_ibuf_I_O)         1.421     1.421 r  clk_wiz_0_inst/inst/clkin1_ibufg/O
                         net (fo=1, routed)           1.162     2.583    clk_wiz_0_inst/inst/sys_clk_clk_wiz_0
    MMCME2_ADV_X0Y1      MMCME2_ADV (Prop_mmcme2_adv_CLKIN1_CLKOUT0)
                                                     -7.105    -4.522 r  clk_wiz_0_inst/inst/mmcm_adv_inst/CLKOUT0
                         net (fo=1, routed)           1.599    -2.923    clk_wiz_0_inst/inst/pixel_clk_clk_wiz_0
    BUFGCTRL_X0Y16       BUFG (Prop_bufg_I_O)         0.091    -2.832 r  clk_wiz_0_inst/inst/clkout1_buf/O
                         net (fo=2662, routed)        1.484    -1.348    triangle_inst/pixel_clk
    SLICE_X13Y81         FDRE                                         r  triangle_inst/s3_reg[d][25]/C

Slack:                    inf
  Source:                 buttons[reset]
                            (input port)
  Destination:            triangle_inst/s3_reg[wbn][28][13]_srl28/CE
                            (rising edge-triggered cell SRLC32E clocked by pixel_clk_clk_wiz_0  {rise@0.000ns fall@6.733ns period=13.467ns})
  Path Group:             (none)
  Path Type:              Setup (Max at Slow Process Corner)
  Data Path Delay:        7.080ns  (logic 1.607ns (22.695%)  route 5.473ns (77.305%))
  Logic Levels:           2  (IBUF=1 LUT1=1)
  Clock Path Skew:        -1.347ns (DCD - SCD + CPR)
    Destination Clock Delay (DCD):    -1.347ns
    Source Clock Delay      (SCD):    0.000ns
    Clock Pessimism Removal (CPR):    0.000ns
  Clock Uncertainty:      0.491ns  ((TSJ^2 + DJ^2)^1/2) / 2 + PE
    Total System Jitter     (TSJ):    0.050ns
    Discrete Jitter          (DJ):    0.240ns
    Phase Error              (PE):    0.368ns

    Location             Delay type                Incr(ns)  Path(ns)    Netlist Resource(s)
  -------------------------------------------------------------------    -------------------
    K18                                               0.000     0.000 f  buttons[reset]
                         net (fo=0)                   0.000     0.000    buttons[reset]
    K18                  IBUF (Prop_ibuf_I_O)         1.489     1.489 f  rgb2dvi_0_inst_i_1/O
                         net (fo=43, routed)          1.988     3.477    triangle_inst/hit_reg_0
    SLICE_X26Y74         LUT1 (Prop_lut1_I0_O)        0.118     3.595 r  triangle_inst/v_tc_0_inst_i_1/O
                         net (fo=536, routed)         3.486     7.080    triangle_inst/resetn
    SLICE_X20Y57         SRLC32E                                      r  triangle_inst/s3_reg[wbn][28][13]_srl28/CE
  -------------------------------------------------------------------    -------------------

                         (clock pixel_clk_clk_wiz_0 rise edge)
                                                      0.000     0.000 r  <hidden>
    K17                                               0.000     0.000 r  sys_clk
                         net (fo=0)                   0.000     0.000    clk_wiz_0_inst/inst/sys_clk
    K17                  IBUF (Prop_ibuf_I_O)         1.421     1.421 r  clk_wiz_0_inst/inst/clkin1_ibufg/O
                         net (fo=1, routed)           1.162     2.583    clk_wiz_0_inst/inst/sys_clk_clk_wiz_0
    MMCME2_ADV_X0Y1      MMCME2_ADV (Prop_mmcme2_adv_CLKIN1_CLKOUT0)
                                                     -7.105    -4.522 r  clk_wiz_0_inst/inst/mmcm_adv_inst/CLKOUT0
                         net (fo=1, routed)           1.599    -2.923    clk_wiz_0_inst/inst/pixel_clk_clk_wiz_0
    BUFGCTRL_X0Y16       BUFG (Prop_bufg_I_O)         0.091    -2.832 r  clk_wiz_0_inst/inst/clkout1_buf/O
                         net (fo=2662, routed)        1.485    -1.347    triangle_inst/pixel_clk
    SLICE_X20Y57         SRLC32E                                      r  triangle_inst/s3_reg[wbn][28][13]_srl28/CLK

Slack:                    inf
  Source:                 buttons[reset]
                            (input port)
  Destination:            triangle_inst/s3_reg[wbn][28][14]_srl28/CE
                            (rising edge-triggered cell SRLC32E clocked by pixel_clk_clk_wiz_0  {rise@0.000ns fall@6.733ns period=13.467ns})
  Path Group:             (none)
  Path Type:              Setup (Max at Slow Process Corner)
  Data Path Delay:        7.080ns  (logic 1.607ns (22.695%)  route 5.473ns (77.305%))
  Logic Levels:           2  (IBUF=1 LUT1=1)
  Clock Path Skew:        -1.347ns (DCD - SCD + CPR)
    Destination Clock Delay (DCD):    -1.347ns
    Source Clock Delay      (SCD):    0.000ns
    Clock Pessimism Removal (CPR):    0.000ns
  Clock Uncertainty:      0.491ns  ((TSJ^2 + DJ^2)^1/2) / 2 + PE
    Total System Jitter     (TSJ):    0.050ns
    Discrete Jitter          (DJ):    0.240ns
    Phase Error              (PE):    0.368ns

    Location             Delay type                Incr(ns)  Path(ns)    Netlist Resource(s)
  -------------------------------------------------------------------    -------------------
    K18                                               0.000     0.000 f  buttons[reset]
                         net (fo=0)                   0.000     0.000    buttons[reset]
    K18                  IBUF (Prop_ibuf_I_O)         1.489     1.489 f  rgb2dvi_0_inst_i_1/O
                         net (fo=43, routed)          1.988     3.477    triangle_inst/hit_reg_0
    SLICE_X26Y74         LUT1 (Prop_lut1_I0_O)        0.118     3.595 r  triangle_inst/v_tc_0_inst_i_1/O
                         net (fo=536, routed)         3.486     7.080    triangle_inst/resetn
    SLICE_X20Y57         SRLC32E                                      r  triangle_inst/s3_reg[wbn][28][14]_srl28/CE
  -------------------------------------------------------------------    -------------------

                         (clock pixel_clk_clk_wiz_0 rise edge)
                                                      0.000     0.000 r  <hidden>
    K17                                               0.000     0.000 r  sys_clk
                         net (fo=0)                   0.000     0.000    clk_wiz_0_inst/inst/sys_clk
    K17                  IBUF (Prop_ibuf_I_O)         1.421     1.421 r  clk_wiz_0_inst/inst/clkin1_ibufg/O
                         net (fo=1, routed)           1.162     2.583    clk_wiz_0_inst/inst/sys_clk_clk_wiz_0
    MMCME2_ADV_X0Y1      MMCME2_ADV (Prop_mmcme2_adv_CLKIN1_CLKOUT0)
                                                     -7.105    -4.522 r  clk_wiz_0_inst/inst/mmcm_adv_inst/CLKOUT0
                         net (fo=1, routed)           1.599    -2.923    clk_wiz_0_inst/inst/pixel_clk_clk_wiz_0
    BUFGCTRL_X0Y16       BUFG (Prop_bufg_I_O)         0.091    -2.832 r  clk_wiz_0_inst/inst/clkout1_buf/O
                         net (fo=2662, routed)        1.485    -1.347    triangle_inst/pixel_clk
    SLICE_X20Y57         SRLC32E                                      r  triangle_inst/s3_reg[wbn][28][14]_srl28/CLK

Slack:                    inf
  Source:                 buttons[reset]
                            (input port)
  Destination:            triangle_inst/s3_reg[wbn][28][1]_srl28/CE
                            (rising edge-triggered cell SRLC32E clocked by pixel_clk_clk_wiz_0  {rise@0.000ns fall@6.733ns period=13.467ns})
  Path Group:             (none)
  Path Type:              Setup (Max at Slow Process Corner)
  Data Path Delay:        7.080ns  (logic 1.607ns (22.695%)  route 5.473ns (77.305%))
  Logic Levels:           2  (IBUF=1 LUT1=1)
  Clock Path Skew:        -1.347ns (DCD - SCD + CPR)
    Destination Clock Delay (DCD):    -1.347ns
    Source Clock Delay      (SCD):    0.000ns
    Clock Pessimism Removal (CPR):    0.000ns
  Clock Uncertainty:      0.491ns  ((TSJ^2 + DJ^2)^1/2) / 2 + PE
    Total System Jitter     (TSJ):    0.050ns
    Discrete Jitter          (DJ):    0.240ns
    Phase Error              (PE):    0.368ns

    Location             Delay type                Incr(ns)  Path(ns)    Netlist Resource(s)
  -------------------------------------------------------------------    -------------------
    K18                                               0.000     0.000 f  buttons[reset]
                         net (fo=0)                   0.000     0.000    buttons[reset]
    K18                  IBUF (Prop_ibuf_I_O)         1.489     1.489 f  rgb2dvi_0_inst_i_1/O
                         net (fo=43, routed)          1.988     3.477    triangle_inst/hit_reg_0
    SLICE_X26Y74         LUT1 (Prop_lut1_I0_O)        0.118     3.595 r  triangle_inst/v_tc_0_inst_i_1/O
                         net (fo=536, routed)         3.486     7.080    triangle_inst/resetn
    SLICE_X20Y57         SRLC32E                                      r  triangle_inst/s3_reg[wbn][28][1]_srl28/CE
  -------------------------------------------------------------------    -------------------

                         (clock pixel_clk_clk_wiz_0 rise edge)
                                                      0.000     0.000 r  <hidden>
    K17                                               0.000     0.000 r  sys_clk
                         net (fo=0)                   0.000     0.000    clk_wiz_0_inst/inst/sys_clk
    K17                  IBUF (Prop_ibuf_I_O)         1.421     1.421 r  clk_wiz_0_inst/inst/clkin1_ibufg/O
                         net (fo=1, routed)           1.162     2.583    clk_wiz_0_inst/inst/sys_clk_clk_wiz_0
    MMCME2_ADV_X0Y1      MMCME2_ADV (Prop_mmcme2_adv_CLKIN1_CLKOUT0)
                                                     -7.105    -4.522 r  clk_wiz_0_inst/inst/mmcm_adv_inst/CLKOUT0
                         net (fo=1, routed)           1.599    -2.923    clk_wiz_0_inst/inst/pixel_clk_clk_wiz_0
    BUFGCTRL_X0Y16       BUFG (Prop_bufg_I_O)         0.091    -2.832 r  clk_wiz_0_inst/inst/clkout1_buf/O
                         net (fo=2662, routed)        1.485    -1.347    triangle_inst/pixel_clk
    SLICE_X20Y57         SRLC32E                                      r  triangle_inst/s3_reg[wbn][28][1]_srl28/CLK

Slack:                    inf
  Source:                 buttons[reset]
                            (input port)
  Destination:            triangle_inst/s3_reg[wbn][29][13]/CE
                            (rising edge-triggered cell FDRE clocked by pixel_clk_clk_wiz_0  {rise@0.000ns fall@6.733ns period=13.467ns})
  Path Group:             (none)
  Path Type:              Setup (Max at Slow Process Corner)
  Data Path Delay:        7.080ns  (logic 1.607ns (22.695%)  route 5.473ns (77.305%))
  Logic Levels:           2  (IBUF=1 LUT1=1)
  Clock Path Skew:        -1.347ns (DCD - SCD + CPR)
    Destination Clock Delay (DCD):    -1.347ns
    Source Clock Delay      (SCD):    0.000ns
    Clock Pessimism Removal (CPR):    0.000ns
  Clock Uncertainty:      0.491ns  ((TSJ^2 + DJ^2)^1/2) / 2 + PE
    Total System Jitter     (TSJ):    0.050ns
    Discrete Jitter          (DJ):    0.240ns
    Phase Error              (PE):    0.368ns

    Location             Delay type                Incr(ns)  Path(ns)    Netlist Resource(s)
  -------------------------------------------------------------------    -------------------
    K18                                               0.000     0.000 f  buttons[reset]
                         net (fo=0)                   0.000     0.000    buttons[reset]
    K18                  IBUF (Prop_ibuf_I_O)         1.489     1.489 f  rgb2dvi_0_inst_i_1/O
                         net (fo=43, routed)          1.988     3.477    triangle_inst/hit_reg_0
    SLICE_X26Y74         LUT1 (Prop_lut1_I0_O)        0.118     3.595 r  triangle_inst/v_tc_0_inst_i_1/O
                         net (fo=536, routed)         3.486     7.080    triangle_inst/resetn
    SLICE_X20Y57         FDRE                                         r  triangle_inst/s3_reg[wbn][29][13]/CE
  -------------------------------------------------------------------    -------------------

                         (clock pixel_clk_clk_wiz_0 rise edge)
                                                      0.000     0.000 r  <hidden>
    K17                                               0.000     0.000 r  sys_clk
                         net (fo=0)                   0.000     0.000    clk_wiz_0_inst/inst/sys_clk
    K17                  IBUF (Prop_ibuf_I_O)         1.421     1.421 r  clk_wiz_0_inst/inst/clkin1_ibufg/O
                         net (fo=1, routed)           1.162     2.583    clk_wiz_0_inst/inst/sys_clk_clk_wiz_0
    MMCME2_ADV_X0Y1      MMCME2_ADV (Prop_mmcme2_adv_CLKIN1_CLKOUT0)
                                                     -7.105    -4.522 r  clk_wiz_0_inst/inst/mmcm_adv_inst/CLKOUT0
                         net (fo=1, routed)           1.599    -2.923    clk_wiz_0_inst/inst/pixel_clk_clk_wiz_0
    BUFGCTRL_X0Y16       BUFG (Prop_bufg_I_O)         0.091    -2.832 r  clk_wiz_0_inst/inst/clkout1_buf/O
                         net (fo=2662, routed)        1.485    -1.347    triangle_inst/pixel_clk
    SLICE_X20Y57         FDRE                                         r  triangle_inst/s3_reg[wbn][29][13]/C

Slack:                    inf
  Source:                 buttons[reset]
                            (input port)
  Destination:            triangle_inst/s3_reg[wbn][29][14]/CE
                            (rising edge-triggered cell FDRE clocked by pixel_clk_clk_wiz_0  {rise@0.000ns fall@6.733ns period=13.467ns})
  Path Group:             (none)
  Path Type:              Setup (Max at Slow Process Corner)
  Data Path Delay:        7.080ns  (logic 1.607ns (22.695%)  route 5.473ns (77.305%))
  Logic Levels:           2  (IBUF=1 LUT1=1)
  Clock Path Skew:        -1.347ns (DCD - SCD + CPR)
    Destination Clock Delay (DCD):    -1.347ns
    Source Clock Delay      (SCD):    0.000ns
    Clock Pessimism Removal (CPR):    0.000ns
  Clock Uncertainty:      0.491ns  ((TSJ^2 + DJ^2)^1/2) / 2 + PE
    Total System Jitter     (TSJ):    0.050ns
    Discrete Jitter          (DJ):    0.240ns
    Phase Error              (PE):    0.368ns

    Location             Delay type                Incr(ns)  Path(ns)    Netlist Resource(s)
  -------------------------------------------------------------------    -------------------
    K18                                               0.000     0.000 f  buttons[reset]
                         net (fo=0)                   0.000     0.000    buttons[reset]
    K18                  IBUF (Prop_ibuf_I_O)         1.489     1.489 f  rgb2dvi_0_inst_i_1/O
                         net (fo=43, routed)          1.988     3.477    triangle_inst/hit_reg_0
    SLICE_X26Y74         LUT1 (Prop_lut1_I0_O)        0.118     3.595 r  triangle_inst/v_tc_0_inst_i_1/O
                         net (fo=536, routed)         3.486     7.080    triangle_inst/resetn
    SLICE_X20Y57         FDRE                                         r  triangle_inst/s3_reg[wbn][29][14]/CE
  -------------------------------------------------------------------    -------------------

                         (clock pixel_clk_clk_wiz_0 rise edge)
                                                      0.000     0.000 r  <hidden>
    K17                                               0.000     0.000 r  sys_clk
                         net (fo=0)                   0.000     0.000    clk_wiz_0_inst/inst/sys_clk
    K17                  IBUF (Prop_ibuf_I_O)         1.421     1.421 r  clk_wiz_0_inst/inst/clkin1_ibufg/O
                         net (fo=1, routed)           1.162     2.583    clk_wiz_0_inst/inst/sys_clk_clk_wiz_0
    MMCME2_ADV_X0Y1      MMCME2_ADV (Prop_mmcme2_adv_CLKIN1_CLKOUT0)
                                                     -7.105    -4.522 r  clk_wiz_0_inst/inst/mmcm_adv_inst/CLKOUT0
                         net (fo=1, routed)           1.599    -2.923    clk_wiz_0_inst/inst/pixel_clk_clk_wiz_0
    BUFGCTRL_X0Y16       BUFG (Prop_bufg_I_O)         0.091    -2.832 r  clk_wiz_0_inst/inst/clkout1_buf/O
                         net (fo=2662, routed)        1.485    -1.347    triangle_inst/pixel_clk
    SLICE_X20Y57         FDRE                                         r  triangle_inst/s3_reg[wbn][29][14]/C

Slack:                    inf
  Source:                 buttons[reset]
                            (input port)
  Destination:            triangle_inst/s3_reg[wbn][29][1]/CE
                            (rising edge-triggered cell FDRE clocked by pixel_clk_clk_wiz_0  {rise@0.000ns fall@6.733ns period=13.467ns})
  Path Group:             (none)
  Path Type:              Setup (Max at Slow Process Corner)
  Data Path Delay:        7.080ns  (logic 1.607ns (22.695%)  route 5.473ns (77.305%))
  Logic Levels:           2  (IBUF=1 LUT1=1)
  Clock Path Skew:        -1.347ns (DCD - SCD + CPR)
    Destination Clock Delay (DCD):    -1.347ns
    Source Clock Delay      (SCD):    0.000ns
    Clock Pessimism Removal (CPR):    0.000ns
  Clock Uncertainty:      0.491ns  ((TSJ^2 + DJ^2)^1/2) / 2 + PE
    Total System Jitter     (TSJ):    0.050ns
    Discrete Jitter          (DJ):    0.240ns
    Phase Error              (PE):    0.368ns

    Location             Delay type                Incr(ns)  Path(ns)    Netlist Resource(s)
  -------------------------------------------------------------------    -------------------
    K18                                               0.000     0.000 f  buttons[reset]
                         net (fo=0)                   0.000     0.000    buttons[reset]
    K18                  IBUF (Prop_ibuf_I_O)         1.489     1.489 f  rgb2dvi_0_inst_i_1/O
                         net (fo=43, routed)          1.988     3.477    triangle_inst/hit_reg_0
    SLICE_X26Y74         LUT1 (Prop_lut1_I0_O)        0.118     3.595 r  triangle_inst/v_tc_0_inst_i_1/O
                         net (fo=536, routed)         3.486     7.080    triangle_inst/resetn
    SLICE_X20Y57         FDRE                                         r  triangle_inst/s3_reg[wbn][29][1]/CE
  -------------------------------------------------------------------    -------------------

                         (clock pixel_clk_clk_wiz_0 rise edge)
                                                      0.000     0.000 r  <hidden>
    K17                                               0.000     0.000 r  sys_clk
                         net (fo=0)                   0.000     0.000    clk_wiz_0_inst/inst/sys_clk
    K17                  IBUF (Prop_ibuf_I_O)         1.421     1.421 r  clk_wiz_0_inst/inst/clkin1_ibufg/O
                         net (fo=1, routed)           1.162     2.583    clk_wiz_0_inst/inst/sys_clk_clk_wiz_0
    MMCME2_ADV_X0Y1      MMCME2_ADV (Prop_mmcme2_adv_CLKIN1_CLKOUT0)
                                                     -7.105    -4.522 r  clk_wiz_0_inst/inst/mmcm_adv_inst/CLKOUT0
                         net (fo=1, routed)           1.599    -2.923    clk_wiz_0_inst/inst/pixel_clk_clk_wiz_0
    BUFGCTRL_X0Y16       BUFG (Prop_bufg_I_O)         0.091    -2.832 r  clk_wiz_0_inst/inst/clkout1_buf/O
                         net (fo=2662, routed)        1.485    -1.347    triangle_inst/pixel_clk
    SLICE_X20Y57         FDRE                                         r  triangle_inst/s3_reg[wbn][29][1]/C

Slack:                    inf
  Source:                 buttons[reset]
                            (input port)
  Destination:            triangle_inst/s3_reg[wbn][30][20]_srl30/CE
                            (rising edge-triggered cell SRLC32E clocked by pixel_clk_clk_wiz_0  {rise@0.000ns fall@6.733ns period=13.467ns})
  Path Group:             (none)
  Path Type:              Setup (Max at Slow Process Corner)
  Data Path Delay:        7.080ns  (logic 1.607ns (22.695%)  route 5.473ns (77.305%))
  Logic Levels:           2  (IBUF=1 LUT1=1)
  Clock Path Skew:        -1.347ns (DCD - SCD + CPR)
    Destination Clock Delay (DCD):    -1.347ns
    Source Clock Delay      (SCD):    0.000ns
    Clock Pessimism Removal (CPR):    0.000ns
  Clock Uncertainty:      0.491ns  ((TSJ^2 + DJ^2)^1/2) / 2 + PE
    Total System Jitter     (TSJ):    0.050ns
    Discrete Jitter          (DJ):    0.240ns
    Phase Error              (PE):    0.368ns

    Location             Delay type                Incr(ns)  Path(ns)    Netlist Resource(s)
  -------------------------------------------------------------------    -------------------
    K18                                               0.000     0.000 f  buttons[reset]
                         net (fo=0)                   0.000     0.000    buttons[reset]
    K18                  IBUF (Prop_ibuf_I_O)         1.489     1.489 f  rgb2dvi_0_inst_i_1/O
                         net (fo=43, routed)          1.988     3.477    triangle_inst/hit_reg_0
    SLICE_X26Y74         LUT1 (Prop_lut1_I0_O)        0.118     3.595 r  triangle_inst/v_tc_0_inst_i_1/O
                         net (fo=536, routed)         3.486     7.080    triangle_inst/resetn
    SLICE_X20Y57         SRLC32E                                      r  triangle_inst/s3_reg[wbn][30][20]_srl30/CE
  -------------------------------------------------------------------    -------------------

                         (clock pixel_clk_clk_wiz_0 rise edge)
                                                      0.000     0.000 r  <hidden>
    K17                                               0.000     0.000 r  sys_clk
                         net (fo=0)                   0.000     0.000    clk_wiz_0_inst/inst/sys_clk
    K17                  IBUF (Prop_ibuf_I_O)         1.421     1.421 r  clk_wiz_0_inst/inst/clkin1_ibufg/O
                         net (fo=1, routed)           1.162     2.583    clk_wiz_0_inst/inst/sys_clk_clk_wiz_0
    MMCME2_ADV_X0Y1      MMCME2_ADV (Prop_mmcme2_adv_CLKIN1_CLKOUT0)
                                                     -7.105    -4.522 r  clk_wiz_0_inst/inst/mmcm_adv_inst/CLKOUT0
                         net (fo=1, routed)           1.599    -2.923    clk_wiz_0_inst/inst/pixel_clk_clk_wiz_0
    BUFGCTRL_X0Y16       BUFG (Prop_bufg_I_O)         0.091    -2.832 r  clk_wiz_0_inst/inst/clkout1_buf/O
                         net (fo=2662, routed)        1.485    -1.347    triangle_inst/pixel_clk
    SLICE_X20Y57         SRLC32E                                      r  triangle_inst/s3_reg[wbn][30][20]_srl30/CLK

Slack:                    inf
  Source:                 buttons[reset]
                            (input port)
  Destination:            triangle_inst/s3_reg[wbn][31][20]/CE
                            (rising edge-triggered cell FDRE clocked by pixel_clk_clk_wiz_0  {rise@0.000ns fall@6.733ns period=13.467ns})
  Path Group:             (none)
  Path Type:              Setup (Max at Slow Process Corner)
  Data Path Delay:        7.080ns  (logic 1.607ns (22.695%)  route 5.473ns (77.305%))
  Logic Levels:           2  (IBUF=1 LUT1=1)
  Clock Path Skew:        -1.347ns (DCD - SCD + CPR)
    Destination Clock Delay (DCD):    -1.347ns
    Source Clock Delay      (SCD):    0.000ns
    Clock Pessimism Removal (CPR):    0.000ns
  Clock Uncertainty:      0.491ns  ((TSJ^2 + DJ^2)^1/2) / 2 + PE
    Total System Jitter     (TSJ):    0.050ns
    Discrete Jitter          (DJ):    0.240ns
    Phase Error              (PE):    0.368ns

    Location             Delay type                Incr(ns)  Path(ns)    Netlist Resource(s)
  -------------------------------------------------------------------    -------------------
    K18                                               0.000     0.000 f  buttons[reset]
                         net (fo=0)                   0.000     0.000    buttons[reset]
    K18                  IBUF (Prop_ibuf_I_O)         1.489     1.489 f  rgb2dvi_0_inst_i_1/O
                         net (fo=43, routed)          1.988     3.477    triangle_inst/hit_reg_0
    SLICE_X26Y74         LUT1 (Prop_lut1_I0_O)        0.118     3.595 r  triangle_inst/v_tc_0_inst_i_1/O
                         net (fo=536, routed)         3.486     7.080    triangle_inst/resetn
    SLICE_X20Y57         FDRE                                         r  triangle_inst/s3_reg[wbn][31][20]/CE
  -------------------------------------------------------------------    -------------------

                         (clock pixel_clk_clk_wiz_0 rise edge)
                                                      0.000     0.000 r  <hidden>
    K17                                               0.000     0.000 r  sys_clk
                         net (fo=0)                   0.000     0.000    clk_wiz_0_inst/inst/sys_clk
    K17                  IBUF (Prop_ibuf_I_O)         1.421     1.421 r  clk_wiz_0_inst/inst/clkin1_ibufg/O
                         net (fo=1, routed)           1.162     2.583    clk_wiz_0_inst/inst/sys_clk_clk_wiz_0
    MMCME2_ADV_X0Y1      MMCME2_ADV (Prop_mmcme2_adv_CLKIN1_CLKOUT0)
                                                     -7.105    -4.522 r  clk_wiz_0_inst/inst/mmcm_adv_inst/CLKOUT0
                         net (fo=1, routed)           1.599    -2.923    clk_wiz_0_inst/inst/pixel_clk_clk_wiz_0
    BUFGCTRL_X0Y16       BUFG (Prop_bufg_I_O)         0.091    -2.832 r  clk_wiz_0_inst/inst/clkout1_buf/O
                         net (fo=2662, routed)        1.485    -1.347    triangle_inst/pixel_clk
    SLICE_X20Y57         FDRE                                         r  triangle_inst/s3_reg[wbn][31][20]/C





Min Delay Paths
--------------------------------------------------------------------------------------
Slack:                    inf
  Source:                 triangle_inst/s5_reg[wb][1]/ACOUT[0]
                            (internal pin)
  Destination:            triangle_inst/s5_reg[wb][2]/ACIN[0]
                            (rising edge-triggered cell DSP48E1 clocked by pixel_clk_clk_wiz_0  {rise@0.000ns fall@6.733ns period=13.467ns})
  Path Group:             (none)
  Path Type:              Hold (Min at Slow Process Corner)
  Data Path Delay:        0.002ns  (logic 0.000ns (0.000%)  route 0.002ns (100.000%))
  Logic Levels:           0  
  Clock Uncertainty:      0.491ns  ((TSJ^2 + DJ^2)^1/2) / 2 + PE
    Total System Jitter     (TSJ):    0.050ns
    Discrete Jitter          (DJ):    0.240ns
    Phase Error              (PE):    0.368ns

    Location             Delay type                Incr(ns)  Path(ns)    Netlist Resource(s)
  -------------------------------------------------------------------    -------------------
    DSP48_X1Y23          DSP48E1                      0.000     0.000 r  triangle_inst/s5_reg[wb][1]/ACOUT[0]
                         net (fo=1, routed)           0.002     0.002    triangle_inst/s5_reg[wb_n_53_][1]
    DSP48_X1Y24          DSP48E1                                      r  triangle_inst/s5_reg[wb][2]/ACIN[0]
  -------------------------------------------------------------------    -------------------

                         (clock pixel_clk_clk_wiz_0 rise edge)
                                                      0.000     0.000 r  <hidden>
    K17                                               0.000     0.000 r  sys_clk
                         net (fo=0)                   0.000     0.000    clk_wiz_0_inst/inst/sys_clk
    K17                  IBUF (Prop_ibuf_I_O)         1.492     1.492 r  clk_wiz_0_inst/inst/clkin1_ibufg/O
                         net (fo=1, routed)           1.285     2.777    clk_wiz_0_inst/inst/sys_clk_clk_wiz_0
    MMCME2_ADV_X0Y1      MMCME2_ADV (Prop_mmcme2_adv_CLKIN1_CLKOUT0)
                                                     -6.996    -4.219 r  clk_wiz_0_inst/inst/mmcm_adv_inst/CLKOUT0
                         net (fo=1, routed)           1.760    -2.459    clk_wiz_0_inst/inst/pixel_clk_clk_wiz_0
    BUFGCTRL_X0Y16       BUFG (Prop_bufg_I_O)         0.101    -2.358 r  clk_wiz_0_inst/inst/clkout1_buf/O
                         net (fo=2662, routed)        1.747    -0.612    triangle_inst/pixel_clk
    DSP48_X1Y24          DSP48E1                                      r  triangle_inst/s5_reg[wb][2]/CLK

Slack:                    inf
  Source:                 triangle_inst/s5_reg[wb][1]/ACOUT[10]
                            (internal pin)
  Destination:            triangle_inst/s5_reg[wb][2]/ACIN[10]
                            (rising edge-triggered cell DSP48E1 clocked by pixel_clk_clk_wiz_0  {rise@0.000ns fall@6.733ns period=13.467ns})
  Path Group:             (none)
  Path Type:              Hold (Min at Slow Process Corner)
  Data Path Delay:        0.002ns  (logic 0.000ns (0.000%)  route 0.002ns (100.000%))
  Logic Levels:           0  
  Clock Uncertainty:      0.491ns  ((TSJ^2 + DJ^2)^1/2) / 2 + PE
    Total System Jitter     (TSJ):    0.050ns
    Discrete Jitter          (DJ):    0.240ns
    Phase Error              (PE):    0.368ns

    Location             Delay type                Incr(ns)  Path(ns)    Netlist Resource(s)
  -------------------------------------------------------------------    -------------------
    DSP48_X1Y23          DSP48E1                      0.000     0.000 r  triangle_inst/s5_reg[wb][1]/ACOUT[10]
                         net (fo=1, routed)           0.002     0.002    triangle_inst/s5_reg[wb_n_43_][1]
    DSP48_X1Y24          DSP48E1                                      r  triangle_inst/s5_reg[wb][2]/ACIN[10]
  -------------------------------------------------------------------    -------------------

                         (clock pixel_clk_clk_wiz_0 rise edge)
                                                      0.000     0.000 r  <hidden>
    K17                                               0.000     0.000 r  sys_clk
                         net (fo=0)                   0.000     0.000    clk_wiz_0_inst/inst/sys_clk
    K17                  IBUF (Prop_ibuf_I_O)         1.492     1.492 r  clk_wiz_0_inst/inst/clkin1_ibufg/O
                         net (fo=1, routed)           1.285     2.777    clk_wiz_0_inst/inst/sys_clk_clk_wiz_0
    MMCME2_ADV_X0Y1      MMCME2_ADV (Prop_mmcme2_adv_CLKIN1_CLKOUT0)
                                                     -6.996    -4.219 r  clk_wiz_0_inst/inst/mmcm_adv_inst/CLKOUT0
                         net (fo=1, routed)           1.760    -2.459    clk_wiz_0_inst/inst/pixel_clk_clk_wiz_0
    BUFGCTRL_X0Y16       BUFG (Prop_bufg_I_O)         0.101    -2.358 r  clk_wiz_0_inst/inst/clkout1_buf/O
                         net (fo=2662, routed)        1.747    -0.612    triangle_inst/pixel_clk
    DSP48_X1Y24          DSP48E1                                      r  triangle_inst/s5_reg[wb][2]/CLK

Slack:                    inf
  Source:                 triangle_inst/s5_reg[wb][1]/ACOUT[11]
                            (internal pin)
  Destination:            triangle_inst/s5_reg[wb][2]/ACIN[11]
                            (rising edge-triggered cell DSP48E1 clocked by pixel_clk_clk_wiz_0  {rise@0.000ns fall@6.733ns period=13.467ns})
  Path Group:             (none)
  Path Type:              Hold (Min at Slow Process Corner)
  Data Path Delay:        0.002ns  (logic 0.000ns (0.000%)  route 0.002ns (100.000%))
  Logic Levels:           0  
  Clock Uncertainty:      0.491ns  ((TSJ^2 + DJ^2)^1/2) / 2 + PE
    Total System Jitter     (TSJ):    0.050ns
    Discrete Jitter          (DJ):    0.240ns
    Phase Error              (PE):    0.368ns

    Location             Delay type                Incr(ns)  Path(ns)    Netlist Resource(s)
  -------------------------------------------------------------------    -------------------
    DSP48_X1Y23          DSP48E1                      0.000     0.000 r  triangle_inst/s5_reg[wb][1]/ACOUT[11]
                         net (fo=1, routed)           0.002     0.002    triangle_inst/s5_reg[wb_n_42_][1]
    DSP48_X1Y24          DSP48E1                                      r  triangle_inst/s5_reg[wb][2]/ACIN[11]
  -------------------------------------------------------------------    -------------------

                         (clock pixel_clk_clk_wiz_0 rise edge)
                                                      0.000     0.000 r  <hidden>
    K17                                               0.000     0.000 r  sys_clk
                         net (fo=0)                   0.000     0.000    clk_wiz_0_inst/inst/sys_clk
    K17                  IBUF (Prop_ibuf_I_O)         1.492     1.492 r  clk_wiz_0_inst/inst/clkin1_ibufg/O
                         net (fo=1, routed)           1.285     2.777    clk_wiz_0_inst/inst/sys_clk_clk_wiz_0
    MMCME2_ADV_X0Y1      MMCME2_ADV (Prop_mmcme2_adv_CLKIN1_CLKOUT0)
                                                     -6.996    -4.219 r  clk_wiz_0_inst/inst/mmcm_adv_inst/CLKOUT0
                         net (fo=1, routed)           1.760    -2.459    clk_wiz_0_inst/inst/pixel_clk_clk_wiz_0
    BUFGCTRL_X0Y16       BUFG (Prop_bufg_I_O)         0.101    -2.358 r  clk_wiz_0_inst/inst/clkout1_buf/O
                         net (fo=2662, routed)        1.747    -0.612    triangle_inst/pixel_clk
    DSP48_X1Y24          DSP48E1                                      r  triangle_inst/s5_reg[wb][2]/CLK

Slack:                    inf
  Source:                 triangle_inst/s5_reg[wb][1]/ACOUT[12]
                            (internal pin)
  Destination:            triangle_inst/s5_reg[wb][2]/ACIN[12]
                            (rising edge-triggered cell DSP48E1 clocked by pixel_clk_clk_wiz_0  {rise@0.000ns fall@6.733ns period=13.467ns})
  Path Group:             (none)
  Path Type:              Hold (Min at Slow Process Corner)
  Data Path Delay:        0.002ns  (logic 0.000ns (0.000%)  route 0.002ns (100.000%))
  Logic Levels:           0  
  Clock Uncertainty:      0.491ns  ((TSJ^2 + DJ^2)^1/2) / 2 + PE
    Total System Jitter     (TSJ):    0.050ns
    Discrete Jitter          (DJ):    0.240ns
    Phase Error              (PE):    0.368ns

    Location             Delay type                Incr(ns)  Path(ns)    Netlist Resource(s)
  -------------------------------------------------------------------    -------------------
    DSP48_X1Y23          DSP48E1                      0.000     0.000 r  triangle_inst/s5_reg[wb][1]/ACOUT[12]
                         net (fo=1, routed)           0.002     0.002    triangle_inst/s5_reg[wb_n_41_][1]
    DSP48_X1Y24          DSP48E1                                      r  triangle_inst/s5_reg[wb][2]/ACIN[12]
  -------------------------------------------------------------------    -------------------

                         (clock pixel_clk_clk_wiz_0 rise edge)
                                                      0.000     0.000 r  <hidden>
    K17                                               0.000     0.000 r  sys_clk
                         net (fo=0)                   0.000     0.000    clk_wiz_0_inst/inst/sys_clk
    K17                  IBUF (Prop_ibuf_I_O)         1.492     1.492 r  clk_wiz_0_inst/inst/clkin1_ibufg/O
                         net (fo=1, routed)           1.285     2.777    clk_wiz_0_inst/inst/sys_clk_clk_wiz_0
    MMCME2_ADV_X0Y1      MMCME2_ADV (Prop_mmcme2_adv_CLKIN1_CLKOUT0)
                                                     -6.996    -4.219 r  clk_wiz_0_inst/inst/mmcm_adv_inst/CLKOUT0
                         net (fo=1, routed)           1.760    -2.459    clk_wiz_0_inst/inst/pixel_clk_clk_wiz_0
    BUFGCTRL_X0Y16       BUFG (Prop_bufg_I_O)         0.101    -2.358 r  clk_wiz_0_inst/inst/clkout1_buf/O
                         net (fo=2662, routed)        1.747    -0.612    triangle_inst/pixel_clk
    DSP48_X1Y24          DSP48E1                                      r  triangle_inst/s5_reg[wb][2]/CLK

Slack:                    inf
  Source:                 triangle_inst/s5_reg[wb][1]/ACOUT[13]
                            (internal pin)
  Destination:            triangle_inst/s5_reg[wb][2]/ACIN[13]
                            (rising edge-triggered cell DSP48E1 clocked by pixel_clk_clk_wiz_0  {rise@0.000ns fall@6.733ns period=13.467ns})
  Path Group:             (none)
  Path Type:              Hold (Min at Slow Process Corner)
  Data Path Delay:        0.002ns  (logic 0.000ns (0.000%)  route 0.002ns (100.000%))
  Logic Levels:           0  
  Clock Uncertainty:      0.491ns  ((TSJ^2 + DJ^2)^1/2) / 2 + PE
    Total System Jitter     (TSJ):    0.050ns
    Discrete Jitter          (DJ):    0.240ns
    Phase Error              (PE):    0.368ns

    Location             Delay type                Incr(ns)  Path(ns)    Netlist Resource(s)
  -------------------------------------------------------------------    -------------------
    DSP48_X1Y23          DSP48E1                      0.000     0.000 r  triangle_inst/s5_reg[wb][1]/ACOUT[13]
                         net (fo=1, routed)           0.002     0.002    triangle_inst/s5_reg[wb_n_40_][1]
    DSP48_X1Y24          DSP48E1                                      r  triangle_inst/s5_reg[wb][2]/ACIN[13]
  -------------------------------------------------------------------    -------------------

                         (clock pixel_clk_clk_wiz_0 rise edge)
                                                      0.000     0.000 r  <hidden>
    K17                                               0.000     0.000 r  sys_clk
                         net (fo=0)                   0.000     0.000    clk_wiz_0_inst/inst/sys_clk
    K17                  IBUF (Prop_ibuf_I_O)         1.492     1.492 r  clk_wiz_0_inst/inst/clkin1_ibufg/O
                         net (fo=1, routed)           1.285     2.777    clk_wiz_0_inst/inst/sys_clk_clk_wiz_0
    MMCME2_ADV_X0Y1      MMCME2_ADV (Prop_mmcme2_adv_CLKIN1_CLKOUT0)
                                                     -6.996    -4.219 r  clk_wiz_0_inst/inst/mmcm_adv_inst/CLKOUT0
                         net (fo=1, routed)           1.760    -2.459    clk_wiz_0_inst/inst/pixel_clk_clk_wiz_0
    BUFGCTRL_X0Y16       BUFG (Prop_bufg_I_O)         0.101    -2.358 r  clk_wiz_0_inst/inst/clkout1_buf/O
                         net (fo=2662, routed)        1.747    -0.612    triangle_inst/pixel_clk
    DSP48_X1Y24          DSP48E1                                      r  triangle_inst/s5_reg[wb][2]/CLK

Slack:                    inf
  Source:                 triangle_inst/s5_reg[wb][1]/ACOUT[14]
                            (internal pin)
  Destination:            triangle_inst/s5_reg[wb][2]/ACIN[14]
                            (rising edge-triggered cell DSP48E1 clocked by pixel_clk_clk_wiz_0  {rise@0.000ns fall@6.733ns period=13.467ns})
  Path Group:             (none)
  Path Type:              Hold (Min at Slow Process Corner)
  Data Path Delay:        0.002ns  (logic 0.000ns (0.000%)  route 0.002ns (100.000%))
  Logic Levels:           0  
  Clock Uncertainty:      0.491ns  ((TSJ^2 + DJ^2)^1/2) / 2 + PE
    Total System Jitter     (TSJ):    0.050ns
    Discrete Jitter          (DJ):    0.240ns
    Phase Error              (PE):    0.368ns

    Location             Delay type                Incr(ns)  Path(ns)    Netlist Resource(s)
  -------------------------------------------------------------------    -------------------
    DSP48_X1Y23          DSP48E1                      0.000     0.000 r  triangle_inst/s5_reg[wb][1]/ACOUT[14]
                         net (fo=1, routed)           0.002     0.002    triangle_inst/s5_reg[wb_n_39_][1]
    DSP48_X1Y24          DSP48E1                                      r  triangle_inst/s5_reg[wb][2]/ACIN[14]
  -------------------------------------------------------------------    -------------------

                         (clock pixel_clk_clk_wiz_0 rise edge)
                                                      0.000     0.000 r  <hidden>
    K17                                               0.000     0.000 r  sys_clk
                         net (fo=0)                   0.000     0.000    clk_wiz_0_inst/inst/sys_clk
    K17                  IBUF (Prop_ibuf_I_O)         1.492     1.492 r  clk_wiz_0_inst/inst/clkin1_ibufg/O
                         net (fo=1, routed)           1.285     2.777    clk_wiz_0_inst/inst/sys_clk_clk_wiz_0
    MMCME2_ADV_X0Y1      MMCME2_ADV (Prop_mmcme2_adv_CLKIN1_CLKOUT0)
                                                     -6.996    -4.219 r  clk_wiz_0_inst/inst/mmcm_adv_inst/CLKOUT0
                         net (fo=1, routed)           1.760    -2.459    clk_wiz_0_inst/inst/pixel_clk_clk_wiz_0
    BUFGCTRL_X0Y16       BUFG (Prop_bufg_I_O)         0.101    -2.358 r  clk_wiz_0_inst/inst/clkout1_buf/O
                         net (fo=2662, routed)        1.747    -0.612    triangle_inst/pixel_clk
    DSP48_X1Y24          DSP48E1                                      r  triangle_inst/s5_reg[wb][2]/CLK

Slack:                    inf
  Source:                 triangle_inst/s5_reg[wb][1]/ACOUT[15]
                            (internal pin)
  Destination:            triangle_inst/s5_reg[wb][2]/ACIN[15]
                            (rising edge-triggered cell DSP48E1 clocked by pixel_clk_clk_wiz_0  {rise@0.000ns fall@6.733ns period=13.467ns})
  Path Group:             (none)
  Path Type:              Hold (Min at Slow Process Corner)
  Data Path Delay:        0.002ns  (logic 0.000ns (0.000%)  route 0.002ns (100.000%))
  Logic Levels:           0  
  Clock Uncertainty:      0.491ns  ((TSJ^2 + DJ^2)^1/2) / 2 + PE
    Total System Jitter     (TSJ):    0.050ns
    Discrete Jitter          (DJ):    0.240ns
    Phase Error              (PE):    0.368ns

    Location             Delay type                Incr(ns)  Path(ns)    Netlist Resource(s)
  -------------------------------------------------------------------    -------------------
    DSP48_X1Y23          DSP48E1                      0.000     0.000 r  triangle_inst/s5_reg[wb][1]/ACOUT[15]
                         net (fo=1, routed)           0.002     0.002    triangle_inst/s5_reg[wb_n_38_][1]
    DSP48_X1Y24          DSP48E1                                      r  triangle_inst/s5_reg[wb][2]/ACIN[15]
  -------------------------------------------------------------------    -------------------

                         (clock pixel_clk_clk_wiz_0 rise edge)
                                                      0.000     0.000 r  <hidden>
    K17                                               0.000     0.000 r  sys_clk
                         net (fo=0)                   0.000     0.000    clk_wiz_0_inst/inst/sys_clk
    K17                  IBUF (Prop_ibuf_I_O)         1.492     1.492 r  clk_wiz_0_inst/inst/clkin1_ibufg/O
                         net (fo=1, routed)           1.285     2.777    clk_wiz_0_inst/inst/sys_clk_clk_wiz_0
    MMCME2_ADV_X0Y1      MMCME2_ADV (Prop_mmcme2_adv_CLKIN1_CLKOUT0)
                                                     -6.996    -4.219 r  clk_wiz_0_inst/inst/mmcm_adv_inst/CLKOUT0
                         net (fo=1, routed)           1.760    -2.459    clk_wiz_0_inst/inst/pixel_clk_clk_wiz_0
    BUFGCTRL_X0Y16       BUFG (Prop_bufg_I_O)         0.101    -2.358 r  clk_wiz_0_inst/inst/clkout1_buf/O
                         net (fo=2662, routed)        1.747    -0.612    triangle_inst/pixel_clk
    DSP48_X1Y24          DSP48E1                                      r  triangle_inst/s5_reg[wb][2]/CLK

Slack:                    inf
  Source:                 triangle_inst/s5_reg[wb][1]/ACOUT[16]
                            (internal pin)
  Destination:            triangle_inst/s5_reg[wb][2]/ACIN[16]
                            (rising edge-triggered cell DSP48E1 clocked by pixel_clk_clk_wiz_0  {rise@0.000ns fall@6.733ns period=13.467ns})
  Path Group:             (none)
  Path Type:              Hold (Min at Slow Process Corner)
  Data Path Delay:        0.002ns  (logic 0.000ns (0.000%)  route 0.002ns (100.000%))
  Logic Levels:           0  
  Clock Uncertainty:      0.491ns  ((TSJ^2 + DJ^2)^1/2) / 2 + PE
    Total System Jitter     (TSJ):    0.050ns
    Discrete Jitter          (DJ):    0.240ns
    Phase Error              (PE):    0.368ns

    Location             Delay type                Incr(ns)  Path(ns)    Netlist Resource(s)
  -------------------------------------------------------------------    -------------------
    DSP48_X1Y23          DSP48E1                      0.000     0.000 r  triangle_inst/s5_reg[wb][1]/ACOUT[16]
                         net (fo=1, routed)           0.002     0.002    triangle_inst/s5_reg[wb_n_37_][1]
    DSP48_X1Y24          DSP48E1                                      r  triangle_inst/s5_reg[wb][2]/ACIN[16]
  -------------------------------------------------------------------    -------------------

                         (clock pixel_clk_clk_wiz_0 rise edge)
                                                      0.000     0.000 r  <hidden>
    K17                                               0.000     0.000 r  sys_clk
                         net (fo=0)                   0.000     0.000    clk_wiz_0_inst/inst/sys_clk
    K17                  IBUF (Prop_ibuf_I_O)         1.492     1.492 r  clk_wiz_0_inst/inst/clkin1_ibufg/O
                         net (fo=1, routed)           1.285     2.777    clk_wiz_0_inst/inst/sys_clk_clk_wiz_0
    MMCME2_ADV_X0Y1      MMCME2_ADV (Prop_mmcme2_adv_CLKIN1_CLKOUT0)
                                                     -6.996    -4.219 r  clk_wiz_0_inst/inst/mmcm_adv_inst/CLKOUT0
                         net (fo=1, routed)           1.760    -2.459    clk_wiz_0_inst/inst/pixel_clk_clk_wiz_0
    BUFGCTRL_X0Y16       BUFG (Prop_bufg_I_O)         0.101    -2.358 r  clk_wiz_0_inst/inst/clkout1_buf/O
                         net (fo=2662, routed)        1.747    -0.612    triangle_inst/pixel_clk
    DSP48_X1Y24          DSP48E1                                      r  triangle_inst/s5_reg[wb][2]/CLK

Slack:                    inf
  Source:                 triangle_inst/s5_reg[wb][1]/ACOUT[17]
                            (internal pin)
  Destination:            triangle_inst/s5_reg[wb][2]/ACIN[17]
                            (rising edge-triggered cell DSP48E1 clocked by pixel_clk_clk_wiz_0  {rise@0.000ns fall@6.733ns period=13.467ns})
  Path Group:             (none)
  Path Type:              Hold (Min at Slow Process Corner)
  Data Path Delay:        0.002ns  (logic 0.000ns (0.000%)  route 0.002ns (100.000%))
  Logic Levels:           0  
  Clock Uncertainty:      0.491ns  ((TSJ^2 + DJ^2)^1/2) / 2 + PE
    Total System Jitter     (TSJ):    0.050ns
    Discrete Jitter          (DJ):    0.240ns
    Phase Error              (PE):    0.368ns

    Location             Delay type                Incr(ns)  Path(ns)    Netlist Resource(s)
  -------------------------------------------------------------------    -------------------
    DSP48_X1Y23          DSP48E1                      0.000     0.000 r  triangle_inst/s5_reg[wb][1]/ACOUT[17]
                         net (fo=1, routed)           0.002     0.002    triangle_inst/s5_reg[wb_n_36_][1]
    DSP48_X1Y24          DSP48E1                                      r  triangle_inst/s5_reg[wb][2]/ACIN[17]
  -------------------------------------------------------------------    -------------------

                         (clock pixel_clk_clk_wiz_0 rise edge)
                                                      0.000     0.000 r  <hidden>
    K17                                               0.000     0.000 r  sys_clk
                         net (fo=0)                   0.000     0.000    clk_wiz_0_inst/inst/sys_clk
    K17                  IBUF (Prop_ibuf_I_O)         1.492     1.492 r  clk_wiz_0_inst/inst/clkin1_ibufg/O
                         net (fo=1, routed)           1.285     2.777    clk_wiz_0_inst/inst/sys_clk_clk_wiz_0
    MMCME2_ADV_X0Y1      MMCME2_ADV (Prop_mmcme2_adv_CLKIN1_CLKOUT0)
                                                     -6.996    -4.219 r  clk_wiz_0_inst/inst/mmcm_adv_inst/CLKOUT0
                         net (fo=1, routed)           1.760    -2.459    clk_wiz_0_inst/inst/pixel_clk_clk_wiz_0
    BUFGCTRL_X0Y16       BUFG (Prop_bufg_I_O)         0.101    -2.358 r  clk_wiz_0_inst/inst/clkout1_buf/O
                         net (fo=2662, routed)        1.747    -0.612    triangle_inst/pixel_clk
    DSP48_X1Y24          DSP48E1                                      r  triangle_inst/s5_reg[wb][2]/CLK

Slack:                    inf
  Source:                 triangle_inst/s5_reg[wb][1]/ACOUT[18]
                            (internal pin)
  Destination:            triangle_inst/s5_reg[wb][2]/ACIN[18]
                            (rising edge-triggered cell DSP48E1 clocked by pixel_clk_clk_wiz_0  {rise@0.000ns fall@6.733ns period=13.467ns})
  Path Group:             (none)
  Path Type:              Hold (Min at Slow Process Corner)
  Data Path Delay:        0.002ns  (logic 0.000ns (0.000%)  route 0.002ns (100.000%))
  Logic Levels:           0  
  Clock Uncertainty:      0.491ns  ((TSJ^2 + DJ^2)^1/2) / 2 + PE
    Total System Jitter     (TSJ):    0.050ns
    Discrete Jitter          (DJ):    0.240ns
    Phase Error              (PE):    0.368ns

    Location             Delay type                Incr(ns)  Path(ns)    Netlist Resource(s)
  -------------------------------------------------------------------    -------------------
    DSP48_X1Y23          DSP48E1                      0.000     0.000 r  triangle_inst/s5_reg[wb][1]/ACOUT[18]
                         net (fo=1, routed)           0.002     0.002    triangle_inst/s5_reg[wb_n_35_][1]
    DSP48_X1Y24          DSP48E1                                      r  triangle_inst/s5_reg[wb][2]/ACIN[18]
  -------------------------------------------------------------------    -------------------

                         (clock pixel_clk_clk_wiz_0 rise edge)
                                                      0.000     0.000 r  <hidden>
    K17                                               0.000     0.000 r  sys_clk
                         net (fo=0)                   0.000     0.000    clk_wiz_0_inst/inst/sys_clk
    K17                  IBUF (Prop_ibuf_I_O)         1.492     1.492 r  clk_wiz_0_inst/inst/clkin1_ibufg/O
                         net (fo=1, routed)           1.285     2.777    clk_wiz_0_inst/inst/sys_clk_clk_wiz_0
    MMCME2_ADV_X0Y1      MMCME2_ADV (Prop_mmcme2_adv_CLKIN1_CLKOUT0)
                                                     -6.996    -4.219 r  clk_wiz_0_inst/inst/mmcm_adv_inst/CLKOUT0
                         net (fo=1, routed)           1.760    -2.459    clk_wiz_0_inst/inst/pixel_clk_clk_wiz_0
    BUFGCTRL_X0Y16       BUFG (Prop_bufg_I_O)         0.101    -2.358 r  clk_wiz_0_inst/inst/clkout1_buf/O
                         net (fo=2662, routed)        1.747    -0.612    triangle_inst/pixel_clk
    DSP48_X1Y24          DSP48E1                                      r  triangle_inst/s5_reg[wb][2]/CLK





